sequence,element_type,table_index,row_index,column_index,raw_label,raw_value,field_code,occurrence,record_key,source_url,capture_utc,source_sha256
1,table_field,2,1,1,Tipologia,EMPREENDIMENTO DE TURISMO NO ESPAÇO RURAL | CASA DE CAMPO,TIPOLOGIA,1,RNET:6803:TIPOLOGIA:001,https://rnt.turismodeportugal.pt/RNT/RNET.aspx?nr=6803,2026-10-06T10:58:39.649524+00:00,a6ac7977a9fee9fd0c91cd6b21dda1aaf3ce0cd333c5a31ead3d9070691eb17d
2,table_field,2,2,1,Nome,QUINTA AZUL,NOME,1,RNET:6803:NOME:001,https://rnt.turismodeportugal.pt/RNT/RNET.aspx?nr=6803,2026-10-06T10:58:39.649524+00:00,a6ac7977a9fee9fd0c91cd6b21dda1aaf3ce0cd333c5a31ead3d9070691eb17d
3,table_field,2,3,1,Localização,"Monte da Barradinha apartado nº 1114 8671-909 ALJEZUR Aljezur, Faro ERT/DRT: Região de Turismo do Algarve NUTS: Algarve",LOCALIZAÇÃO,1,RNET:6803:LOCALIZAÇÃO:001,https://rnt.turismodeportugal.pt/RNT/RNET.aspx?nr=6803,2026-10-06T10:58:39.649524+00:00,a6ac7977a9fee9fd0c91cd6b21dda1aaf3ce0cd333c5a31ead3d9070691eb17d
4,table_field,2,4,1,Contactos,917461607 tacaquinta@gmail.com,CONTACTOS,1,RNET:6803:CONTACTOS:001,https://rnt.turismodeportugal.pt/RNT/RNET.aspx?nr=6803,2026-10-06T10:58:39.649524+00:00,a6ac7977a9fee9fd0c91cd6b21dda1aaf3ce0cd333c5a31ead3d9070691eb17d
5,table_field,2,5,1,Marca comercial,---,MARCA_COMERCIAL,1,RNET:6803:MARCA_COMERCIAL:001,https://rnt.turismodeportugal.pt/RNT/RNET.aspx?nr=6803,2026-10-06T10:58:39.649524+00:00,a6ac7977a9fee9fd0c91cd6b21dda1aaf3ce0cd333c5a31ead3d9070691eb17d
6,table_field,4,1,1,Unidades de Alojamento,,UNIDADES_DE_ALOJAMENTO,1,RNET:6803:UNIDADES_DE_ALOJAMENTO:001,https://rnt.turismodeportugal.pt/RNT/RNET.aspx?nr=6803,2026-10-06T10:58:39.649524+00:00,a6ac7977a9fee9fd0c91cd6b21dda1aaf3ce0cd333c5a31ead3d9070691eb17d
7,table_field,5,1,1,Ano de abertura do empreendimento,2017,ANO_DE_ABERTURA_DO_EMPREENDIMENTO,1,RNET:6803:ANO_DE_ABERTURA_DO_EMPREENDIMENTO:001,https://rnt.turismodeportugal.pt/RNT/RNET.aspx?nr=6803,2026-10-06T10:58:39.649524+00:00,a6ac7977a9fee9fd0c91cd6b21dda1aaf3ce0cd333c5a31ead3d9070691eb17d
8,table_field,5,2,1,Atribuição de utilidade turística?,Não,ATRIBUIÇÃO_DE_UTILIDADE_TURÍSTICA,1,RNET:6803:ATRIBUIÇÃO_DE_UTILIDADE_TURÍSTICA:001,https://rnt.turismodeportugal.pt/RNT/RNET.aspx?nr=6803,2026-10-06T10:58:39.649524+00:00,a6ac7977a9fee9fd0c91cd6b21dda1aaf3ce0cd333c5a31ead3d9070691eb17d
9,table_field,5,3,1,Reconhecimento turismo de natureza?,Não,RECONHECIMENTO_TURISMO_DE_NATUREZA,1,RNET:6803:RECONHECIMENTO_TURISMO_DE_NATUREZA:001,https://rnt.turismodeportugal.pt/RNT/RNET.aspx?nr=6803,2026-10-06T10:58:39.649524+00:00,a6ac7977a9fee9fd0c91cd6b21dda1aaf3ce0cd333c5a31ead3d9070691eb17d
10,table_field,5,4,1,Desenvolve atividades próprias de agente de animação turística?,Não,DESENVOLVE_ATIVIDADES_PRÓPRIAS_DE_AGENTE_DE_ANIMAÇÃO_TURÍSTICA,1,RNET:6803:DESENVOLVE_ATIVIDADES_PRÓPRIAS_DE_AGENTE_DE_ANIMAÇÃO_TURÍSTICA:001,https://rnt.turismodeportugal.pt/RNT/RNET.aspx?nr=6803,2026-10-06T10:58:39.649524+00:00,a6ac7977a9fee9fd0c91cd6b21dda1aaf3ce0cd333c5a31ead3d9070691eb17d
