"id_origem","denominacao","modalidade","nr_utentes","endereco","codigo_postal","localidade","freguesia","concelho","distrito","latitude","longitude","selo_clean_safe","telefone","email","estado_contacto","fonte_cadastro","captura_utc"
"17559","Casa da Vinha Grande","EstabelecimentoHospedagem","9","Travessa Carrasqueira 21  ","5050-344","Poiares","Poiares","Peso da Régua","Vila Real","41.1828844299275","-7.72219895658911","Não","","","PENDENTE_ENRIQUECIMENTO_CONTACTOS","https://geo.turismodeportugal.pt/server/rest/services/TDP/OpenData_AL/MapServer/6/query","2026-10-06T11:24:55.805403+00:00"
"19256","SOLAR CASA GRANDE","EstabelecimentoHospedagem","12","Largo Largo Feira 87  ","5050-347","Poiares","Poiares","Peso da Régua","Vila Real","41.1776034512114","-7.72618340541627","Não","","","PENDENTE_ENRIQUECIMENTO_CONTACTOS","https://geo.turismodeportugal.pt/server/rest/services/TDP/OpenData_AL/MapServer/6/query","2026-10-06T11:24:55.805403+00:00"
"38446","Casa Foz do Corgo ","Moradia","9","1ª Rua Juncal de Cima - Corgo   ","5050-207","Peso da Régua","União das freguesias de Peso da Régua e Godim","Peso da Régua","Vila Real","41.1558872340322","-7.77330474979611","Sim","","","PENDENTE_ENRIQUECIMENTO_CONTACTOS","https://geo.turismodeportugal.pt/server/rest/services/TDP/OpenData_AL/MapServer/6/query","2026-10-06T11:24:55.805403+00:00"
"40768","Casa Greande Covelinhas","Moradia","8","Rua Rua Combaro   ","5050-012","Covelinhas","União das freguesias de Galafura e Covelinhas","Peso da Régua","Vila Real","41.1589701679271","-7.683581831648","Não","","","PENDENTE_ENRIQUECIMENTO_CONTACTOS","https://geo.turismodeportugal.pt/server/rest/services/TDP/OpenData_AL/MapServer/6/query","2026-10-06T11:24:55.805403+00:00"
"44811","VISTADOURO 2","Moradia","10","Rua juncal de cima   ","5050-207","Juncal de Cima","União das freguesias de Peso da Régua e Godim","Peso da Régua","Vila Real","41.1569125612905","-7.78216247618759","Não","","","PENDENTE_ENRIQUECIMENTO_CONTACTOS","https://geo.turismodeportugal.pt/server/rest/services/TDP/OpenData_AL/MapServer/6/query","2026-10-06T11:24:55.805403+00:00"
"44840","Casa de São Domingos","EstabelecimentoHospedagem","18","Avenida Avenida Diocese de Vila Real 821  ","5050-221","Peso da Régua","União das freguesias de Peso da Régua e Godim","Peso da Régua","Vila Real","41.1583837746212","-7.77960351095714","Sim","","","PENDENTE_ENRIQUECIMENTO_CONTACTOS","https://geo.turismodeportugal.pt/server/rest/services/TDP/OpenData_AL/MapServer/6/query","2026-10-06T11:24:55.805403+00:00"
"44853","Quinta da Travessa","EstabelecimentoHospedagem","6","Rua Rua Fundo da Travessa 103  ","5050-012","Covelinhas","União das freguesias de Galafura e Covelinhas","Peso da Régua","Vila Real","41.1579055726368","-7.6824367437845","Não","","","PENDENTE_ENRIQUECIMENTO_CONTACTOS","https://geo.turismodeportugal.pt/server/rest/services/TDP/OpenData_AL/MapServer/6/query","2026-10-06T11:24:55.805403+00:00"
"44939","Casa do Olival","Moradia","12","1ª Travessa Olival Basto 340 1.º / 2.º ","5050-098","Peso da Régua","União das freguesias de Peso da Régua e Godim","Peso da Régua","Vila Real","41.1635449938322","-7.79686258998152","Não","","","PENDENTE_ENRIQUECIMENTO_CONTACTOS","https://geo.turismodeportugal.pt/server/rest/services/TDP/OpenData_AL/MapServer/6/query","2026-10-06T11:24:55.805403+00:00"
"47088","VistaDouro","EstabelecimentoHospedagem","6","Rua Rua José Vasques Osório sn 1 dto","5050-280","Peso da Régua","União das freguesias de Peso da Régua e Godim","Peso da Régua","Vila Real","41.1563366503761","-7.77859865914287","Não","","","PENDENTE_ENRIQUECIMENTO_CONTACTOS","https://geo.turismodeportugal.pt/server/rest/services/TDP/OpenData_AL/MapServer/6/query","2026-10-06T11:24:55.805403+00:00"
"50178","Douro Villa","Moradia","4","Travessa Travessa Sacadura Cabral   ","5050-078","Godim","União das freguesias de Peso da Régua e Godim","Peso da Régua","Vila Real","41.1633971281565","-7.79808176399053","Não","","","PENDENTE_ENRIQUECIMENTO_CONTACTOS","https://geo.turismodeportugal.pt/server/rest/services/TDP/OpenData_AL/MapServer/6/query","2026-10-06T11:24:55.805403+00:00"
"50826","Casa do Rio","EstabelecimentoHospedagem","6","Avenida Avenida João Franco S/N  ","5050-226","Peso da Régua","União das freguesias de Peso da Régua e Godim","Peso da Régua","Vila Real","41.1606239345372","-7.78926569231526","Sim","","","PENDENTE_ENRIQUECIMENTO_CONTACTOS","https://geo.turismodeportugal.pt/server/rest/services/TDP/OpenData_AL/MapServer/6/query","2026-10-06T11:24:55.805403+00:00"
"51103","Hospedaria Residencial Vale do Rodo","EstabelecimentoHospedagem","18","Rua Rua Lousada   ","5050-262","Godim","União das freguesias de Peso da Régua e Godim","Peso da Régua","Vila Real","41.1716310024934","-7.79651072065166","Não","","","PENDENTE_ENRIQUECIMENTO_CONTACTOS","https://geo.turismodeportugal.pt/server/rest/services/TDP/OpenData_AL/MapServer/6/query","2026-10-06T11:24:55.805403+00:00"
"51840","Las Houses Terrace","EstabelecimentoHospedagem","16","Avenida Avenida Doutor Manuel de Arriaga 1619  ","5050-225","Peso da Régua","União das freguesias de Peso da Régua e Godim","Peso da Régua","Vila Real","41.162292791378","-7.78714515764373","Não","","","PENDENTE_ENRIQUECIMENTO_CONTACTOS","https://geo.turismodeportugal.pt/server/rest/services/TDP/OpenData_AL/MapServer/6/query","2026-10-06T11:24:55.805403+00:00"
"52897","Casa do Romezal","EstabelecimentoHospedagem","10","Calçada Calçada Barreiro   ","5050-366","Vilarinho dos Freires","Vilarinho dos Freires","Peso da Régua","Vila Real","41.1732368058915","-7.74294328270951","Não","","","PENDENTE_ENRIQUECIMENTO_CONTACTOS","https://geo.turismodeportugal.pt/server/rest/services/TDP/OpenData_AL/MapServer/6/query","2026-10-06T11:24:55.805403+00:00"
"53732","Casa Trás da Igreja","Moradia","12","Estrada Municipal Estrada Municipal 602   ","5040-523","Igreja","Sedielos","Peso da Régua","Vila Real","41.2035737795564","-7.86256567250905","Não","","","PENDENTE_ENRIQUECIMENTO_CONTACTOS","https://geo.turismodeportugal.pt/server/rest/services/TDP/OpenData_AL/MapServer/6/query","2026-10-06T11:24:55.805403+00:00"
"54656","Casa do Vale 1","Apartamento","4","Estrada Municipal  Estrada Municipal   ","5050-091","Costa do Vale","União das freguesias de Peso da Régua e Godim","Peso da Régua","Vila Real","41.1825059768161","-7.80125307849269","Sim","","","PENDENTE_ENRIQUECIMENTO_CONTACTOS","https://geo.turismodeportugal.pt/server/rest/services/TDP/OpenData_AL/MapServer/6/query","2026-10-06T11:24:55.805403+00:00"
"54758","Casa de Mera","Moradia","12","Zona sn    ","5050-103","Mera","União das freguesias de Peso da Régua e Godim","Peso da Régua","Vila Real","41.1730020247998","-7.80188411886139","Não","","","PENDENTE_ENRIQUECIMENTO_CONTACTOS","https://geo.turismodeportugal.pt/server/rest/services/TDP/OpenData_AL/MapServer/6/query","2026-10-06T11:24:55.805403+00:00"
"56107","Yellow Apartament @ Douro River ","Apartamento","7","Avenida Avenida Galiza sn sn sn","5050-222","Peso da Régua","União das freguesias de Peso da Régua e Godim","Peso da Régua","Vila Real","41.1601020662891","-7.78815180292635","Não","","","PENDENTE_ENRIQUECIMENTO_CONTACTOS","https://geo.turismodeportugal.pt/server/rest/services/TDP/OpenData_AL/MapServer/6/query","2026-10-06T11:24:55.805403+00:00"
"56955","Residencial Douro","EstabelecimentoHospedagem","31","Avenida Avenida Sacadura Cabral   ","5050-071","Godim","União das freguesias de Peso da Régua e Godim","Peso da Régua","Vila Real","41.1634444888629","-7.80376289101875","Não","","","PENDENTE_ENRIQUECIMENTO_CONTACTOS","https://geo.turismodeportugal.pt/server/rest/services/TDP/OpenData_AL/MapServer/6/query","2026-10-06T11:24:55.805403+00:00"
"58569","Casa do Coelhal","Moradia","6","Estrada Municipal estrada municipal   ","5050-316","Travassos de cima","Loureiro","Peso da Régua","Vila Real","41.1889041931205","-7.80073476371558","Não","","","PENDENTE_ENRIQUECIMENTO_CONTACTOS","https://geo.turismodeportugal.pt/server/rest/services/TDP/OpenData_AL/MapServer/6/query","2026-10-06T11:24:55.805403+00:00"
"58757","Casa do Salgueiral","EstabelecimentoHospedagem","16","Rua Rua Augusto Vieira   ","5050-073","Godim","União das freguesias de Peso da Régua e Godim","Peso da Régua","Vila Real","41.1623469185751","-7.80475323150548","Sim","","","PENDENTE_ENRIQUECIMENTO_CONTACTOS","https://geo.turismodeportugal.pt/server/rest/services/TDP/OpenData_AL/MapServer/6/query","2026-10-06T11:24:55.805403+00:00"
"61870","Casa do Poço","Moradia","4","Rua Rua Poço 335  ","5050-343","Vila Seca de Poiares","Poiares","Peso da Régua","Vila Real","41.2004940007521","-7.71440299982534","Não","","","PENDENTE_ENRIQUECIMENTO_CONTACTOS","https://geo.turismodeportugal.pt/server/rest/services/TDP/OpenData_AL/MapServer/6/query","2026-10-06T11:24:55.805403+00:00"
"63460","Quinta da Pessêga","EstabelecimentoHospedagem","8","Estrada Municipal  Quinta da Pessêga 0 0 0","5050-094","Lodeiro de Cima","Poiares","Peso da Régua","Vila Real","41.1921450005702","-7.70798072409584","Não","","","PENDENTE_ENRIQUECIMENTO_CONTACTOS","https://geo.turismodeportugal.pt/server/rest/services/TDP/OpenData_AL/MapServer/6/query","2026-10-06T11:24:55.805403+00:00"
"65292","Quinta da Portelada","Moradia","12","Quinta Portelada   ","5040-530","Sedielos","Sedielos","Peso da Régua","Vila Real","41.202159000637","-7.84808899959833","Sim","","","PENDENTE_ENRIQUECIMENTO_CONTACTOS","https://geo.turismodeportugal.pt/server/rest/services/TDP/OpenData_AL/MapServer/6/query","2026-10-06T11:24:55.805403+00:00"
"70681","Casa do Peso ","Apartamento","4","Rua Rua Visconde Régua   ","5050-285","Peso da Régua","União das freguesias de Peso da Régua e Godim","Peso da Régua","Vila Real","41.1651531196154","-7.78630278404192","Não","","","PENDENTE_ENRIQUECIMENTO_CONTACTOS","https://geo.turismodeportugal.pt/server/rest/services/TDP/OpenData_AL/MapServer/6/query","2026-10-06T11:24:55.805403+00:00"
"71099","Casa do Peso II","Apartamento","4","Rua Rua Visconde Régua   ","5050-285","Peso da Régua","União das freguesias de Peso da Régua e Godim","Peso da Régua","Vila Real","41.1651575549769","-7.7862016549401","Não","","","PENDENTE_ENRIQUECIMENTO_CONTACTOS","https://geo.turismodeportugal.pt/server/rest/services/TDP/OpenData_AL/MapServer/6/query","2026-10-06T11:24:55.805403+00:00"
"71104","Casa do Vale 2","Apartamento","4","Estrada Municipal Estrada Municipal   ","5050-091","Costa do Vale","União das freguesias de Peso da Régua e Godim","Peso da Régua","Vila Real","41.1795780008102","-7.79778800007211","Não","","","PENDENTE_ENRIQUECIMENTO_CONTACTOS","https://geo.turismodeportugal.pt/server/rest/services/TDP/OpenData_AL/MapServer/6/query","2026-10-06T11:24:55.805403+00:00"
"71505","Casa da Fonte da Torre","Moradia","5","Rua Lugar da Torre de Cima s/n  ","5050-312","Loureiro","Vilarinho dos Freires","Peso da Régua","Vila Real","41.1781256975496","-7.74628348146059","Não","","","PENDENTE_ENRIQUECIMENTO_CONTACTOS","https://geo.turismodeportugal.pt/server/rest/services/TDP/OpenData_AL/MapServer/6/query","2026-10-06T11:24:55.805403+00:00"
"73184","Vista Douro 3 Style","Moradia","6","Rua Lugar Vale de Vinhas s/n  ","5050-205","Peso da Régua","União das freguesias de Peso da Régua e Godim","Peso da Régua","Vila Real","41.1659644769529","-7.77821750095235","Não","","","PENDENTE_ENRIQUECIMENTO_CONTACTOS","https://geo.turismodeportugal.pt/server/rest/services/TDP/OpenData_AL/MapServer/6/query","2026-10-06T11:24:55.805403+00:00"
"73398","Douro D'Heart","EstabelecimentoHospedagem","6","Rua Rua Doutor Maximiano de Lemos 79  ","5050-276","Peso da Régua","União das freguesias de Peso da Régua e Godim","Peso da Régua","Vila Real","41.1642387503296","-7.78876971682365","Sim","","","PENDENTE_ENRIQUECIMENTO_CONTACTOS","https://geo.turismodeportugal.pt/server/rest/services/TDP/OpenData_AL/MapServer/6/query","2026-10-06T11:24:55.805403+00:00"
"74102","Imperial Douro Guest House","Apartamento","5","Rua Rua Camilos 95  ","5050-273","Peso da Régua","União das freguesias de Peso da Régua e Godim","Peso da Régua","Vila Real","41.1603510013761","-7.78622821751566","Sim","","","PENDENTE_ENRIQUECIMENTO_CONTACTOS","https://geo.turismodeportugal.pt/server/rest/services/TDP/OpenData_AL/MapServer/6/query","2026-10-06T11:24:55.805403+00:00"
"75370","Bugalha My Loft Douro 2","Apartamento","4","Rua Rua José Vasques Osório   ","5050-280","Peso da Régua","União das freguesias de Peso da Régua e Godim","Peso da Régua","Vila Real","41.1596930805518","-7.78523366775277","Sim","","","PENDENTE_ENRIQUECIMENTO_CONTACTOS","https://geo.turismodeportugal.pt/server/rest/services/TDP/OpenData_AL/MapServer/6/query","2026-10-06T11:24:55.805403+00:00"
"75377","Bugalha My Loft Douro 3","Apartamento","4","Rua Rua José Vasques Osório   ","5050-280","Peso da Régua","União das freguesias de Peso da Régua e Godim","Peso da Régua","Vila Real","41.1596930805518","-7.78523366775277","Sim","","","PENDENTE_ENRIQUECIMENTO_CONTACTOS","https://geo.turismodeportugal.pt/server/rest/services/TDP/OpenData_AL/MapServer/6/query","2026-10-06T11:24:55.805403+00:00"
"75380","Bugalha My Loft Douro 4","Apartamento","4","Rua Rua José Vasques Osório   ","5050-280","Peso da Régua","União das freguesias de Peso da Régua e Godim","Peso da Régua","Vila Real","41.1596930805518","-7.78523366775277","Sim","","","PENDENTE_ENRIQUECIMENTO_CONTACTOS","https://geo.turismodeportugal.pt/server/rest/services/TDP/OpenData_AL/MapServer/6/query","2026-10-06T11:24:55.805403+00:00"
"75385","Bugalha My Loft Douro 5","Apartamento","4","Rua Rua José Vasques Osório   ","5050-280","Peso da Régua","União das freguesias de Peso da Régua e Godim","Peso da Régua","Vila Real","41.1596930805518","-7.78523366775277","Sim","","","PENDENTE_ENRIQUECIMENTO_CONTACTOS","https://geo.turismodeportugal.pt/server/rest/services/TDP/OpenData_AL/MapServer/6/query","2026-10-06T11:24:55.805403+00:00"
"75387","Bugalha My Loft Douro 6","Apartamento","4","Rua Rua José Vasques Osório   ","5050-280","Peso da Régua","União das freguesias de Peso da Régua e Godim","Peso da Régua","Vila Real","41.1596930805518","-7.78523366775277","Sim","","","PENDENTE_ENRIQUECIMENTO_CONTACTOS","https://geo.turismodeportugal.pt/server/rest/services/TDP/OpenData_AL/MapServer/6/query","2026-10-06T11:24:55.805403+00:00"
"75388","Bugalha My Loft Douro 7","Apartamento","4","Rua Rua José Vasques Osório   ","5050-280","Peso da Régua","União das freguesias de Peso da Régua e Godim","Peso da Régua","Vila Real","41.1596930805518","-7.78523366775277","Sim","","","PENDENTE_ENRIQUECIMENTO_CONTACTOS","https://geo.turismodeportugal.pt/server/rest/services/TDP/OpenData_AL/MapServer/6/query","2026-10-06T11:24:55.805403+00:00"
"75392","Bugalha My Loft Douro 8","Apartamento","4","Rua Rua José Vasques Osório   ","5050-280","Peso da Régua","União das freguesias de Peso da Régua e Godim","Peso da Régua","Vila Real","41.1596930805518","-7.78523366775277","Sim","","","PENDENTE_ENRIQUECIMENTO_CONTACTOS","https://geo.turismodeportugal.pt/server/rest/services/TDP/OpenData_AL/MapServer/6/query","2026-10-06T11:24:55.805403+00:00"
"75396","Bugalha My Loft Douro 9","Apartamento","4","Rua Rua José Vasques Osório   ","5050-280","Peso da Régua","União das freguesias de Peso da Régua e Godim","Peso da Régua","Vila Real","41.1596930805518","-7.78523366775277","Sim","","","PENDENTE_ENRIQUECIMENTO_CONTACTOS","https://geo.turismodeportugal.pt/server/rest/services/TDP/OpenData_AL/MapServer/6/query","2026-10-06T11:24:55.805403+00:00"
"75525","Bugalha My Loft Douro 1","Apartamento","4","Rua Rua José Vasques Osório   ","5050-280","Peso da Régua","União das freguesias de Peso da Régua e Godim","Peso da Régua","Vila Real","41.1596930805518","-7.78523366775277","Sim","","","PENDENTE_ENRIQUECIMENTO_CONTACTOS","https://geo.turismodeportugal.pt/server/rest/services/TDP/OpenData_AL/MapServer/6/query","2026-10-06T11:24:55.805403+00:00"
"79769","Vivenda Branca Martinho","Moradia","7","Rua Branca Martinho 50  ","5050-253","Peso da Régua","União das freguesias de Peso da Régua e Godim","Peso da Régua","Vila Real","41.1647770168481","-7.79298271878841","Não","","","PENDENTE_ENRIQUECIMENTO_CONTACTOS","https://geo.turismodeportugal.pt/server/rest/services/TDP/OpenData_AL/MapServer/6/query","2026-10-06T11:24:55.805403+00:00"
"80438","Casa Largo do Cruzeiro","EstabelecimentoHospedagem","4","Rua João de Lemos 39  ","5050-278","Peso da Régua","União das freguesias de Peso da Régua e Godim","Peso da Régua","Vila Real","41.1621420540371","-7.78965700403008","Não","","","PENDENTE_ENRIQUECIMENTO_CONTACTOS","https://geo.turismodeportugal.pt/server/rest/services/TDP/OpenData_AL/MapServer/6/query","2026-10-06T11:24:55.805403+00:00"
"80694","IMPERIAL DOURO GUESTHOUSE 2","Apartamento","4","Rua Rua Camilos 95 1 Centro","5050-272","Peso da Régua","União das freguesias de Peso da Régua e Godim","Peso da Régua","Vila Real","41.1603510013761","-7.78622821751566","Sim","","","PENDENTE_ENRIQUECIMENTO_CONTACTOS","https://geo.turismodeportugal.pt/server/rest/services/TDP/OpenData_AL/MapServer/6/query","2026-10-06T11:24:55.805403+00:00"
"80696","IMPERIAL DOURO GUESTHOUSE 3","Apartamento","4","Rua Rua Camilos 95 1 Traseiras","5050-272","Peso da Régua","União das freguesias de Peso da Régua e Godim","Peso da Régua","Vila Real","41.1603510013761","-7.78622821751566","Sim","","","PENDENTE_ENRIQUECIMENTO_CONTACTOS","https://geo.turismodeportugal.pt/server/rest/services/TDP/OpenData_AL/MapServer/6/query","2026-10-06T11:24:55.805403+00:00"
"80698","IMPERIAL DOURO GUESTHOUSE 4","Apartamento","4","Rua Rua Camilos 95 2 Frente","5050-272","Peso da Régua","União das freguesias de Peso da Régua e Godim","Peso da Régua","Vila Real","41.1603510013761","-7.78622821751566","Não","","","PENDENTE_ENRIQUECIMENTO_CONTACTOS","https://geo.turismodeportugal.pt/server/rest/services/TDP/OpenData_AL/MapServer/6/query","2026-10-06T11:24:55.805403+00:00"
"80699","IMPERIAL DOURO GUESTHOUSE 5","Apartamento","4","Rua Rua Camilos 95 2 Centro","5050-272","Peso da Régua","União das freguesias de Peso da Régua e Godim","Peso da Régua","Vila Real","41.1603510013761","-7.78622821751566","Não","","","PENDENTE_ENRIQUECIMENTO_CONTACTOS","https://geo.turismodeportugal.pt/server/rest/services/TDP/OpenData_AL/MapServer/6/query","2026-10-06T11:24:55.805403+00:00"
"80701","IMPERIAL DOURO GUESTHOUSE 6","Apartamento","4","Rua Rua Camilos 95 2 Traseiras","5050-272","Peso da Régua","União das freguesias de Peso da Régua e Godim","Peso da Régua","Vila Real","41.1603510013761","-7.78622821751566","Não","","","PENDENTE_ENRIQUECIMENTO_CONTACTOS","https://geo.turismodeportugal.pt/server/rest/services/TDP/OpenData_AL/MapServer/6/query","2026-10-06T11:24:55.805403+00:00"
"80798","IMPERIAL DOURO GUESTHOUSE 7","Apartamento","4","Rua Rua Camilos 95 3 Frente","5050-272","Peso da Régua","União das freguesias de Peso da Régua e Godim","Peso da Régua","Vila Real","41.1603510013761","-7.78622821751566","Não","","","PENDENTE_ENRIQUECIMENTO_CONTACTOS","https://geo.turismodeportugal.pt/server/rest/services/TDP/OpenData_AL/MapServer/6/query","2026-10-06T11:24:55.805403+00:00"
"80799","IMPERIAL DOURO GUESTHOUSE 8","Apartamento","4","Rua Rua Camilos 95 3 Traseiras","5050-272","Peso da Régua","União das freguesias de Peso da Régua e Godim","Peso da Régua","Vila Real","41.1603510013761","-7.78622821751566","Não","","","PENDENTE_ENRIQUECIMENTO_CONTACTOS","https://geo.turismodeportugal.pt/server/rest/services/TDP/OpenData_AL/MapServer/6/query","2026-10-06T11:24:55.805403+00:00"
"81081","Quinta do Prado Casa da Toca","Moradia","8","Rua Rua Pedreira 808 sn sn","5050-329","Pedreira","União das freguesias de Moura Morta e Vinhós","Peso da Régua","Vila Real","41.1942750007053","-7.84589299976196","Não","","","PENDENTE_ENRIQUECIMENTO_CONTACTOS","https://geo.turismodeportugal.pt/server/rest/services/TDP/OpenData_AL/MapServer/6/query","2026-10-06T11:24:55.805403+00:00"
"81879","Casa da Quinta dos Murças","EstabelecimentoHospedagem","10","Estrada Municipal Estrada Municipal 313-1   ","5050-012","Covelinhas","União das freguesias de Galafura e Covelinhas","Peso da Régua","Vila Real","41.1589320013178","-7.68261499972273","Não","","","PENDENTE_ENRIQUECIMENTO_CONTACTOS","https://geo.turismodeportugal.pt/server/rest/services/TDP/OpenData_AL/MapServer/6/query","2026-10-06T11:24:55.805403+00:00"
"83020","Apartamento Dom Ruas","EstabelecimentoHospedagem","6","Avenida Avenida Doutor Manuel de Arriaga 669  ","5050-225","Peso da Régua","União das freguesias de Peso da Régua e Godim","Peso da Régua","Vila Real","41.1659547153539","-7.78515100049578","Não","","","PENDENTE_ENRIQUECIMENTO_CONTACTOS","https://geo.turismodeportugal.pt/server/rest/services/TDP/OpenData_AL/MapServer/6/query","2026-10-06T11:24:55.805403+00:00"
"89762","The Pine House","EstabelecimentoHospedagem","8","Rua Rua Doutor Maximiano de Lemos 105  ","5050-276","Peso da Régua","União das freguesias de Peso da Régua e Godim","Peso da Régua","Vila Real","41.1647403672532","-7.78835506155188","Sim","","","PENDENTE_ENRIQUECIMENTO_CONTACTOS","https://geo.turismodeportugal.pt/server/rest/services/TDP/OpenData_AL/MapServer/6/query","2026-10-06T11:24:55.805403+00:00"
"92271","Edifício Martinho","Apartamento","2","Rua Rua Camilos 15 2º traseiro","5050-273","Peso da Régua","União das freguesias de Peso da Régua e Godim","Peso da Régua","Vila Real","41.1615174200334","-7.78870383091405","Sim","","","PENDENTE_ENRIQUECIMENTO_CONTACTOS","https://geo.turismodeportugal.pt/server/rest/services/TDP/OpenData_AL/MapServer/6/query","2026-10-06T11:24:55.805403+00:00"
"92272","Ana Alice Carneiro Carneiro Martinho","Apartamento","2","Rua Rua Camilos 15 1º traseiro","5050-273","Peso da Régua","União das freguesias de Peso da Régua e Godim","Peso da Régua","Vila Real","41.1615174200334","-7.78870383091405","Sim","","","PENDENTE_ENRIQUECIMENTO_CONTACTOS","https://geo.turismodeportugal.pt/server/rest/services/TDP/OpenData_AL/MapServer/6/query","2026-10-06T11:24:55.805403+00:00"
"92273","Ana Alice Carneiro Martinho","Apartamento","2","Rua Rua Camilos 15 2º frente","5050-273","Peso da Régua","União das freguesias de Peso da Régua e Godim","Peso da Régua","Vila Real","41.1615174200334","-7.78870383091405","Sim","","","PENDENTE_ENRIQUECIMENTO_CONTACTOS","https://geo.turismodeportugal.pt/server/rest/services/TDP/OpenData_AL/MapServer/6/query","2026-10-06T11:24:55.805403+00:00"
"93037","Quinta das Cerdeiras","Moradia","10","Rua Rua Cerdeiras Lote 4  ","5050-060","Godim","União das freguesias de Peso da Régua e Godim","Peso da Régua","Vila Real","41.1681324394114","-7.80623549339109","Não","","","PENDENTE_ENRIQUECIMENTO_CONTACTOS","https://geo.turismodeportugal.pt/server/rest/services/TDP/OpenData_AL/MapServer/6/query","2026-10-06T11:24:55.805403+00:00"
"94637","Casa da Portela","Moradia","7","1ª Rua  Portela   ","5050-328","Portela","União das freguesias de Moura Morta e Vinhós","Peso da Régua","Vila Real","41.1879570013455","-7.84008800037053","Não","","","PENDENTE_ENRIQUECIMENTO_CONTACTOS","https://geo.turismodeportugal.pt/server/rest/services/TDP/OpenData_AL/MapServer/6/query","2026-10-06T11:24:55.805403+00:00"
"95762","Casa Azevedo","Moradia","6","Rua Rua Santo Amaro 82  ","5050-364","Vilarinho dos Freires","Vilarinho dos Freires","Peso da Régua","Vila Real","41.1766861744804","-7.74629610018254","Não","","","PENDENTE_ENRIQUECIMENTO_CONTACTOS","https://geo.turismodeportugal.pt/server/rest/services/TDP/OpenData_AL/MapServer/6/query","2026-10-06T11:24:55.805403+00:00"
"96797","Quinta da Ribeira","EstabelecimentoHospedagem","10","Rua Rua Santa Comba   ","5050-328","Ramalhão","União das freguesias de Moura Morta e Vinhós","Peso da Régua","Vila Real","41.1879570013455","-7.84008800037053","Não","","","PENDENTE_ENRIQUECIMENTO_CONTACTOS","https://geo.turismodeportugal.pt/server/rest/services/TDP/OpenData_AL/MapServer/6/query","2026-10-06T11:24:55.805403+00:00"
"97348","Domus Trintorum","Moradia","6","Rua Rua Doutor Antão de Carvalho 4678  ","5050-341","Poiares","Poiares","Peso da Régua","Vila Real","41.2018153776505","-7.70436020892012","Não","","","PENDENTE_ENRIQUECIMENTO_CONTACTOS","https://geo.turismodeportugal.pt/server/rest/services/TDP/OpenData_AL/MapServer/6/query","2026-10-06T11:24:55.805403+00:00"
"97742","La Rosière","Quartos","2","Rua Rua Santa Maria 4928  ","5040-530","Sermanha","Sedielos","Peso da Régua","Vila Real","41.202159000637","-7.84808899959833","Não","","","PENDENTE_ENRIQUECIMENTO_CONTACTOS","https://geo.turismodeportugal.pt/server/rest/services/TDP/OpenData_AL/MapServer/6/query","2026-10-06T11:24:55.805403+00:00"
"98719","Casa do Adro","Apartamento","6","Largo Largo Cruzeiro 12  ","5050-238","Peso da Régua","União das freguesias de Peso da Régua e Godim","Peso da Régua","Vila Real","41.1619545289401","-7.78993937767775","Não","","","PENDENTE_ENRIQUECIMENTO_CONTACTOS","https://geo.turismodeportugal.pt/server/rest/services/TDP/OpenData_AL/MapServer/6/query","2026-10-06T11:24:55.805403+00:00"
"99019","House Douro","Moradia","7","Rua Rua Carvalho   ","5040-517","Carvalho","Sedielos","Peso da Régua","Vila Real","41.1901675242351","-7.85934078223967","Não","","","PENDENTE_ENRIQUECIMENTO_CONTACTOS","https://geo.turismodeportugal.pt/server/rest/services/TDP/OpenData_AL/MapServer/6/query","2026-10-06T11:24:55.805403+00:00"
"100616","Mito's House - Casa da Mito ","Moradia","4","Estrada Municipal  Lugar de Sergude s/n  ","5050-094","Sergude","União das freguesias de Peso da Régua e Godim","Peso da Régua","Vila Real","41.161758168988","-7.8117387093857","Não","","","PENDENTE_ENRIQUECIMENTO_CONTACTOS","https://geo.turismodeportugal.pt/server/rest/services/TDP/OpenData_AL/MapServer/6/query","2026-10-06T11:24:55.805403+00:00"
"100864","Casa da Fonte","Moradia","4","Rua Rua Lameira s/n  ","5050-425","Canelas","Canelas","Peso da Régua","Vila Real","41.1666540009644","-7.72598149979041","Não","","","PENDENTE_ENRIQUECIMENTO_CONTACTOS","https://geo.turismodeportugal.pt/server/rest/services/TDP/OpenData_AL/MapServer/6/query","2026-10-06T11:24:55.805403+00:00"
"102108","Quinta Da Estrada","EstabelecimentoHospedagem","8","Rua Rua Estrada   ","5050-343","Vila Seca de Poiares","Poiares","Peso da Régua","Vila Real","41.2005030005386","-7.71440299969075","Sim","","","PENDENTE_ENRIQUECIMENTO_CONTACTOS","https://geo.turismodeportugal.pt/server/rest/services/TDP/OpenData_AL/MapServer/6/query","2026-10-06T11:24:55.805403+00:00"
"102110","Galafura Design House","Moradia","8","Rua Rua Boca 10  ","5050-043","Galafura","União das freguesias de Galafura e Covelinhas","Peso da Régua","Vila Real","41.181837000929","-7.68326749962552","Não","","","PENDENTE_ENRIQUECIMENTO_CONTACTOS","https://geo.turismodeportugal.pt/server/rest/services/TDP/OpenData_AL/MapServer/6/query","2026-10-06T11:24:55.805403+00:00"
"103811","Quinta Da Estrada Moinho Loft","Moradia","4","Rua Rua Estrada   ","5050-343","Vila Seca de Poiares","Poiares","Peso da Régua","Vila Real","41.2005030005386","-7.71440299969075","Não","","","PENDENTE_ENRIQUECIMENTO_CONTACTOS","https://geo.turismodeportugal.pt/server/rest/services/TDP/OpenData_AL/MapServer/6/query","2026-10-06T11:24:55.805403+00:00"
"103812","Quinta Da Estrada Moinho ","Moradia","4","Rua Rua Estrada   ","5050-343","Vila Seca de Poiares","Poiares","Peso da Régua","Vila Real","41.2005030005386","-7.71440299969075","Não","","","PENDENTE_ENRIQUECIMENTO_CONTACTOS","https://geo.turismodeportugal.pt/server/rest/services/TDP/OpenData_AL/MapServer/6/query","2026-10-06T11:24:55.805403+00:00"
"103813","Quinta Da Estrada Galinheiro","Moradia","2","Rua Rua Estrada   ","5050-343","Vila Seca de Poiares","Poiares","Peso da Régua","Vila Real","41.2005030005386","-7.71440299969075","Não","","","PENDENTE_ENRIQUECIMENTO_CONTACTOS","https://geo.turismodeportugal.pt/server/rest/services/TDP/OpenData_AL/MapServer/6/query","2026-10-06T11:24:55.805403+00:00"
"104465","Casa Vila Rosa","Quartos","6","Rua Rua Camilo Bernardes Pereira 4  ","5050-072","Godim","União das freguesias de Peso da Régua e Godim","Peso da Régua","Vila Real","41.1650153654614","-7.80048038218046","Não","","","PENDENTE_ENRIQUECIMENTO_CONTACTOS","https://geo.turismodeportugal.pt/server/rest/services/TDP/OpenData_AL/MapServer/6/query","2026-10-06T11:24:55.805403+00:00"
"105449","O Mercadinho","EstabelecimentoHospedagem","8","Rua Rua Delminda Pinto Ribeiro 11  ","5050-346","Poiares","Poiares","Peso da Régua","Vila Real","41.1840960013499","-7.72203950034856","Não","","","PENDENTE_ENRIQUECIMENTO_CONTACTOS","https://geo.turismodeportugal.pt/server/rest/services/TDP/OpenData_AL/MapServer/6/query","2026-10-06T11:24:55.805403+00:00"
"110226","Casa dos Avós","Moradia","6","Rua Rua Souto   ","5050-271","Peso da Régua","União das freguesias de Peso da Régua e Godim","Peso da Régua","Vila Real","41.1653096402351","-7.78379278137156","Não","","","PENDENTE_ENRIQUECIMENTO_CONTACTOS","https://geo.turismodeportugal.pt/server/rest/services/TDP/OpenData_AL/MapServer/6/query","2026-10-06T11:24:55.805403+00:00"
"110569","CASA DA RUELA","Moradia","6","Rua  Ribeira do Rodo   ","5050-092","Ribeira de Rodo","União das freguesias de Peso da Régua e Godim","Peso da Régua","Vila Real","41.161470001219","-7.79112000027576","Não","","","PENDENTE_ENRIQUECIMENTO_CONTACTOS","https://geo.turismodeportugal.pt/server/rest/services/TDP/OpenData_AL/MapServer/6/query","2026-10-06T11:24:55.805403+00:00"
"111238","Casinha Portuguesa","Apartamento","4","Rua Rua Ferreirinha 6  ","5050-261","Peso da Régua","União das freguesias de Peso da Régua e Godim","Peso da Régua","Vila Real","41.1621498786342","-7.79074824215935","Não","","","PENDENTE_ENRIQUECIMENTO_CONTACTOS","https://geo.turismodeportugal.pt/server/rest/services/TDP/OpenData_AL/MapServer/6/query","2026-10-06T11:24:55.805403+00:00"
"112656","Colina do Sol","Apartamento","6","Urbanização  Colina do Sol 6 3 E","5050-207","Juncal de Cima","União das freguesias de Peso da Régua e Godim","Peso da Régua","Vila Real","41.161470001219","-7.79112000027576","Não","","","PENDENTE_ENRIQUECIMENTO_CONTACTOS","https://geo.turismodeportugal.pt/server/rest/services/TDP/OpenData_AL/MapServer/6/query","2026-10-06T11:24:55.805403+00:00"
"112701","Douro Xisto Apartments 1","Apartamento","2","Rua Rua Santo Xisto 846  ","5050-370","Vilarinho dos Freires","União das freguesias de Peso da Régua e Godim","Peso da Régua","Vila Real","41.161470001219","-7.79112000027576","Não","","","PENDENTE_ENRIQUECIMENTO_CONTACTOS","https://geo.turismodeportugal.pt/server/rest/services/TDP/OpenData_AL/MapServer/6/query","2026-10-06T11:24:55.805403+00:00"
"112702","Douro Xisto Apartments 2","Apartamento","2","Rua Rua Santo Xisto 846  ","5050-370","Vilarinho dos Freires","União das freguesias de Peso da Régua e Godim","Peso da Régua","Vila Real","41.161470001219","-7.79112000027576","Não","","","PENDENTE_ENRIQUECIMENTO_CONTACTOS","https://geo.turismodeportugal.pt/server/rest/services/TDP/OpenData_AL/MapServer/6/query","2026-10-06T11:24:55.805403+00:00"
"112703","Douro Xisto Apartments 3","Apartamento","6","Rua Rua Santo Xisto 846  ","5050-370","Vilarinho dos Freires","União das freguesias de Peso da Régua e Godim","Peso da Régua","Vila Real","41.161470001219","-7.79112000027576","Não","","","PENDENTE_ENRIQUECIMENTO_CONTACTOS","https://geo.turismodeportugal.pt/server/rest/services/TDP/OpenData_AL/MapServer/6/query","2026-10-06T11:24:55.805403+00:00"
"113452","Alojamento Joaninha","Moradia","4","Rua Rua Alegria 9  ","5050-256","Peso da Régua","União das freguesias de Peso da Régua e Godim","Peso da Régua","Vila Real","41.1605656229204","-7.78913772843876","Não","","","PENDENTE_ENRIQUECIMENTO_CONTACTOS","https://geo.turismodeportugal.pt/server/rest/services/TDP/OpenData_AL/MapServer/6/query","2026-10-06T11:24:55.805403+00:00"
"115059","Casa Portuguesa","Moradia","7","Rua Rua Nogueiras 26  ","5050-060","Godim","União das freguesias de Peso da Régua e Godim","Peso da Régua","Vila Real","41.1693400158215","-7.8065799864807","Não","","","PENDENTE_ENRIQUECIMENTO_CONTACTOS","https://geo.turismodeportugal.pt/server/rest/services/TDP/OpenData_AL/MapServer/6/query","2026-10-06T11:24:55.805403+00:00"
"115415","Casa do Rio","Moradia","4","Rua Rua Senhor Boa Passagem 383  ","5050-012","Covelinhas","União das freguesias de Galafura e Covelinhas","Peso da Régua","Vila Real","41.1571489991399","-7.68110800947145","Não","","","PENDENTE_ENRIQUECIMENTO_CONTACTOS","https://geo.turismodeportugal.pt/server/rest/services/TDP/OpenData_AL/MapServer/6/query","2026-10-06T11:24:55.805403+00:00"
"115767","Casa de Campo Sonhos D'ouro","EstabelecimentoHospedagem","8","Rua Rua Travassos de Baixo   ","5050-316","Travassos","Loureiro","Peso da Régua","Vila Real","41.1891840044334","-7.79775199883294","Não","","","PENDENTE_ENRIQUECIMENTO_CONTACTOS","https://geo.turismodeportugal.pt/server/rest/services/TDP/OpenData_AL/MapServer/6/query","2026-10-06T11:24:55.805403+00:00"
"117266","Quinta de Vila Franca","Moradia","15","Rua Rua Vila Franca 29  ","5050-266","Peso da Régua","União das freguesias de Peso da Régua e Godim","Peso da Régua","Vila Real","41.1654899983933","-7.78718996176161","Não","","","PENDENTE_ENRIQUECIMENTO_CONTACTOS","https://geo.turismodeportugal.pt/server/rest/services/TDP/OpenData_AL/MapServer/6/query","2026-10-06T11:24:55.805403+00:00"
"120297","Quintais de Ariz","EstabelecimentoHospedagem","8","Rua Rua Padre Teixeira de Carvalho   ","5050-069","Godim","União das freguesias de Peso da Régua e Godim","Peso da Régua","Vila Real","41.1710773016651","-7.80458322725774","Não","","","PENDENTE_ENRIQUECIMENTO_CONTACTOS","https://geo.turismodeportugal.pt/server/rest/services/TDP/OpenData_AL/MapServer/6/query","2026-10-06T11:24:55.805403+00:00"
"120638","Casa do Carril","Moradia","6","Estrada Nacional Estrada Nacional 108 S/N  ","5050-099","Cederma","União das freguesias de Peso da Régua e Godim","Peso da Régua","Vila Real","41.1500463414919","-7.81461018550202","Não","","","PENDENTE_ENRIQUECIMENTO_CONTACTOS","https://geo.turismodeportugal.pt/server/rest/services/TDP/OpenData_AL/MapServer/6/query","2026-10-06T11:24:55.805403+00:00"
"121682","Casa dos 4 Caminhos","EstabelecimentoHospedagem","6","Rua Rua 4 Caminhos   ","5050-067","Godim","União das freguesias de Peso da Régua e Godim","Peso da Régua","Vila Real","41.1672365420749","-7.79749125304839","Não","","","PENDENTE_ENRIQUECIMENTO_CONTACTOS","https://geo.turismodeportugal.pt/server/rest/services/TDP/OpenData_AL/MapServer/6/query","2026-10-06T11:24:55.805403+00:00"
"122428","Vivenda Portela","Moradia","4","Rua Rua Travessa   ","5050-012","Covelinhas","União das freguesias de Galafura e Covelinhas","Peso da Régua","Vila Real","41.1587413928693","-7.6784566453004","Não","","","PENDENTE_ENRIQUECIMENTO_CONTACTOS","https://geo.turismodeportugal.pt/server/rest/services/TDP/OpenData_AL/MapServer/6/query","2026-10-06T11:24:55.805403+00:00"
"122971","Green House","Moradia","8","Avenida Avenida Doutor Manuel de Arriaga 1475  ","5050-225","Peso da Régua","União das freguesias de Peso da Régua e Godim","Peso da Régua","Vila Real","41.162616608039","-7.78617133524901","Não","","","PENDENTE_ENRIQUECIMENTO_CONTACTOS","https://geo.turismodeportugal.pt/server/rest/services/TDP/OpenData_AL/MapServer/6/query","2026-10-06T11:24:55.805403+00:00"
"123850","Salgueiral Guest House","Quartos","4","Rua Augusto Vieira   ","5050-073","Godim","União das freguesias de Peso da Régua e Godim","Peso da Régua","Vila Real","41.1582466311015","-7.80704542677885","Não","","","PENDENTE_ENRIQUECIMENTO_CONTACTOS","https://geo.turismodeportugal.pt/server/rest/services/TDP/OpenData_AL/MapServer/6/query","2026-10-06T11:24:55.805403+00:00"
"124063","Casa do Pato I","Apartamento","4","Rua  da Ribeira do Rodo   ","5050-092","Ribeira de Rodo","União das freguesias de Peso da Régua e Godim","Peso da Régua","Vila Real","41.1693100087304","-7.80067996477988","Não","","","PENDENTE_ENRIQUECIMENTO_CONTACTOS","https://geo.turismodeportugal.pt/server/rest/services/TDP/OpenData_AL/MapServer/6/query","2026-10-06T11:24:55.805403+00:00"
"124064","Casa do Pato II","Apartamento","6","Rua  da Ribeira do Rodo  1 D","5050-092","Ribeira de Rodo","União das freguesias de Peso da Régua e Godim","Peso da Régua","Vila Real","41.1693100087304","-7.80067996477988","Não","","","PENDENTE_ENRIQUECIMENTO_CONTACTOS","https://geo.turismodeportugal.pt/server/rest/services/TDP/OpenData_AL/MapServer/6/query","2026-10-06T11:24:55.805403+00:00"
"124318","Casa Moscatel","Moradia","6","Rua Rua Moscatel, Urb. Qta Viana, Lote 5   ","5050-066","Godim","União das freguesias de Peso da Régua e Godim","Peso da Régua","Vila Real","41.1692600108301","-7.80031501632574","Não","","","PENDENTE_ENRIQUECIMENTO_CONTACTOS","https://geo.turismodeportugal.pt/server/rest/services/TDP/OpenData_AL/MapServer/6/query","2026-10-06T11:24:55.805403+00:00"
"130308","Boa Passagem","Apartamento","2","Rua Rua Pedro Verdial 20 R/C ","5050-283","Peso da Régua","União das freguesias de Peso da Régua e Godim","Peso da Régua","Vila Real","41.1661699806092","-7.78775004154208","Não","","","PENDENTE_ENRIQUECIMENTO_CONTACTOS","https://geo.turismodeportugal.pt/server/rest/services/TDP/OpenData_AL/MapServer/6/query","2026-10-06T11:24:55.805403+00:00"
"130831","The Rock&Roll Studio","Apartamento","2","Rua Rua Amendoeira 164 R/C Direito","5050-011","Amendoeira","União das freguesias de Galafura e Covelinhas","Peso da Régua","Vila Real","41.1638223349293","-7.68808083028777","Não","","","PENDENTE_ENRIQUECIMENTO_CONTACTOS","https://geo.turismodeportugal.pt/server/rest/services/TDP/OpenData_AL/MapServer/6/query","2026-10-06T11:24:55.805403+00:00"
"132491","Casa N. Sra. do Carmo - Villa 1","Apartamento","6","Rua Rua Doutor José Mesquita 212  ","5050-023","Fontelas","Fontelas","Peso da Régua","Vila Real","41.1547687056365","-7.82672387863914","Não","","","PENDENTE_ENRIQUECIMENTO_CONTACTOS","https://geo.turismodeportugal.pt/server/rest/services/TDP/OpenData_AL/MapServer/6/query","2026-10-06T11:24:55.805403+00:00"
"132492","Casa N. Sra. do Carmo - Villa 1","Apartamento","4","Rua Rua Doutor José Mesquita 216  ","5050-023","Fontelas","Fontelas","Peso da Régua","Vila Real","41.1547687056365","-7.82672387863914","Não","","","PENDENTE_ENRIQUECIMENTO_CONTACTOS","https://geo.turismodeportugal.pt/server/rest/services/TDP/OpenData_AL/MapServer/6/query","2026-10-06T11:24:55.805403+00:00"
"134066","Casa d'Avó Zé","Apartamento","10","Avenida Avenida Doutor Antão de Carvalho 51 2 Esq","5050-224","Peso da Régua","União das freguesias de Peso da Régua e Godim","Peso da Régua","Vila Real","41.1641700162446","-7.78983001037473","Não","","","PENDENTE_ENRIQUECIMENTO_CONTACTOS","https://geo.turismodeportugal.pt/server/rest/services/TDP/OpenData_AL/MapServer/6/query","2026-10-06T11:24:55.805403+00:00"
"134071","Marão à Vista","EstabelecimentoHospedagem","10","Rua Rua Mó 193  ","5050-346","Poiares","Poiares","Peso da Régua","Vila Real","41.179735000969","-7.7236399651844","Não","","","PENDENTE_ENRIQUECIMENTO_CONTACTOS","https://geo.turismodeportugal.pt/server/rest/services/TDP/OpenData_AL/MapServer/6/query","2026-10-06T11:24:55.805403+00:00"
"134176","Homes in Douro 3","Apartamento","4","Rua Camilos 263  ","5050-273","Peso da Régua","União das freguesias de Peso da Régua e Godim","Peso da Régua","Vila Real","41.1610004168292","-7.78791337126865","Não","","","PENDENTE_ENRIQUECIMENTO_CONTACTOS","https://geo.turismodeportugal.pt/server/rest/services/TDP/OpenData_AL/MapServer/6/query","2026-10-06T11:24:55.805403+00:00"
"134177","Homes in Douro 2","Apartamento","4","Rua Camilos 263  ","5050-273","Peso da Régua","União das freguesias de Peso da Régua e Godim","Peso da Régua","Vila Real","41.1610004168292","-7.78791337126865","Não","","","PENDENTE_ENRIQUECIMENTO_CONTACTOS","https://geo.turismodeportugal.pt/server/rest/services/TDP/OpenData_AL/MapServer/6/query","2026-10-06T11:24:55.805403+00:00"
"134178","Homes in Douro 1","Apartamento","4","Rua Camilos 263  ","5050-273","Peso da Régua","União das freguesias de Peso da Régua e Godim","Peso da Régua","Vila Real","41.1610004168292","-7.78791337126865","Não","","","PENDENTE_ENRIQUECIMENTO_CONTACTOS","https://geo.turismodeportugal.pt/server/rest/services/TDP/OpenData_AL/MapServer/6/query","2026-10-06T11:24:55.805403+00:00"
"134813","AL Vivenda da Ponte","Moradia","8","Travessa Ponte 51  ","5050-362","Vilarinho dos Freires","Vilarinho dos Freires","Peso da Régua","Vila Real","41.1772813661585","-7.74730392147119","Não","","","PENDENTE_ENRIQUECIMENTO_CONTACTOS","https://geo.turismodeportugal.pt/server/rest/services/TDP/OpenData_AL/MapServer/6/query","2026-10-06T11:24:55.805403+00:00"
"135394","Casa do Trovão","Moradia","4","Largo 25 de Abril   ","5050-236","Peso da Régua","Vilarinho dos Freires","Peso da Régua","Vila Real","41.1650082868088","-7.76016509061965","Não","","","PENDENTE_ENRIQUECIMENTO_CONTACTOS","https://geo.turismodeportugal.pt/server/rest/services/TDP/OpenData_AL/MapServer/6/query","2026-10-06T11:24:55.805403+00:00"
"135979","CASA NO RIO","Moradia","10","Rua Moinho da Ponte da Firveda   ","5050-200","Peso da Régua","União das freguesias de Peso da Régua e Godim","Peso da Régua","Vila Real","41.1610898758879","-7.77012884975913","Sim","","","PENDENTE_ENRIQUECIMENTO_CONTACTOS","https://geo.turismodeportugal.pt/server/rest/services/TDP/OpenData_AL/MapServer/6/query","2026-10-06T11:24:55.805403+00:00"
"136051","Casa Do Muro","EstabelecimentoHospedagem","6","Rua Muro   ","5050-442","Canelas","Canelas","Peso da Régua","Vila Real","41.1611454903131","-7.7056735235994","Não","","","PENDENTE_ENRIQUECIMENTO_CONTACTOS","https://geo.turismodeportugal.pt/server/rest/services/TDP/OpenData_AL/MapServer/6/query","2026-10-06T11:24:55.805403+00:00"
"136313","Lá Cigarrita Guest House","Quartos","6","Rua Alto da Serra 80  ","5050-343","Vila Seca de Poiares","Poiares","Peso da Régua","Vila Real","41.2008449913464","-7.71554002949709","Não","","","PENDENTE_ENRIQUECIMENTO_CONTACTOS","https://geo.turismodeportugal.pt/server/rest/services/TDP/OpenData_AL/MapServer/6/query","2026-10-06T11:24:55.805403+00:00"
"137342","Retiro da Quinta do Souto","Moradia","6","Rua Poça 179  ","5050-317","Gervide","Loureiro","Peso da Régua","Vila Real","41.185288011903","-7.80190078845918","Não","","","PENDENTE_ENRIQUECIMENTO_CONTACTOS","https://geo.turismodeportugal.pt/server/rest/services/TDP/OpenData_AL/MapServer/6/query","2026-10-06T11:24:55.805403+00:00"
"137511","Casa de Sergude","Moradia","6","Rua Sem Nome   ","5050-094","Sergude","União das freguesias de Peso da Régua e Godim","Peso da Régua","Vila Real","41.1609499818961","-7.80992503630064","Não","","","PENDENTE_ENRIQUECIMENTO_CONTACTOS","https://geo.turismodeportugal.pt/server/rest/services/TDP/OpenData_AL/MapServer/6/query","2026-10-06T11:24:55.805403+00:00"
"137607","Casa da Pecega","Moradia","6","Rua EM601   ","5050-094","Sergude","União das freguesias de Peso da Régua e Godim","Peso da Régua","Vila Real","41.1609499818961","-7.80992503630064","Não","","","PENDENTE_ENRIQUECIMENTO_CONTACTOS","https://geo.turismodeportugal.pt/server/rest/services/TDP/OpenData_AL/MapServer/6/query","2026-10-06T11:24:55.805403+00:00"
"138308","A Tendinha","EstabelecimentoHospedagem","8","Largo 25 de Abril   ","5050-236","Peso da Régua","Vilarinho dos Freires","Peso da Régua","Vila Real","41.1650082868088","-7.76016509061965","Não","","","PENDENTE_ENRIQUECIMENTO_CONTACTOS","https://geo.turismodeportugal.pt/server/rest/services/TDP/OpenData_AL/MapServer/6/query","2026-10-06T11:24:55.805403+00:00"
"139053","CASA DOS CAMILOS","Moradia","8","Rua Camilos 126  ","5050-272","Peso da Régua","União das freguesias de Peso da Régua e Godim","Peso da Régua","Vila Real","41.1606371162694","-7.78741323293294","Não","","","PENDENTE_ENRIQUECIMENTO_CONTACTOS","https://geo.turismodeportugal.pt/server/rest/services/TDP/OpenData_AL/MapServer/6/query","2026-10-06T11:24:55.805403+00:00"
"139054","Casa da Tia","Apartamento","6","Avenida Doutor Manuel de Arriaga  5 Esq","5050-225","Peso da Régua","União das freguesias de Peso da Régua e Godim","Peso da Régua","Vila Real","41.1613200011131","-7.78641002610406","Não","","","PENDENTE_ENRIQUECIMENTO_CONTACTOS","https://geo.turismodeportugal.pt/server/rest/services/TDP/OpenData_AL/MapServer/6/query","2026-10-06T11:24:55.805403+00:00"
"139055","JANELA D'OURO","Apartamento","5","Rua 1º de Dezembro  4º direito","5050-251","Peso da Régua","União das freguesias de Peso da Régua e Godim","Peso da Régua","Vila Real","41.160263295239","-7.78757754194028","Não","","","PENDENTE_ENRIQUECIMENTO_CONTACTOS","https://geo.turismodeportugal.pt/server/rest/services/TDP/OpenData_AL/MapServer/6/query","2026-10-06T11:24:55.805403+00:00"
"139516","CASA ARRIAGA","Moradia","4","Avenida Doutor Manuel de Arriaga 2248  ","5050-225","Peso da Régua","União das freguesias de Peso da Régua e Godim","Peso da Régua","Vila Real","41.1640900110303","-7.78685996637298","Não","","","PENDENTE_ENRIQUECIMENTO_CONTACTOS","https://geo.turismodeportugal.pt/server/rest/services/TDP/OpenData_AL/MapServer/6/query","2026-10-06T11:24:55.805403+00:00"
"140888","SOBRE A FONTE CHARMING APARTMENT","Apartamento","4","Rua Fonte  1º D","5050-026","Fontelas","Fontelas","Peso da Régua","Vila Real","41.1693862","-7.8183883","Não","","","PENDENTE_ENRIQUECIMENTO_CONTACTOS","https://geo.turismodeportugal.pt/server/rest/services/TDP/OpenData_AL/MapServer/6/query","2026-10-06T11:24:55.805403+00:00"
"140890","SOBRE A FONTE CHARMING APARTMENT","Apartamento","4","Rua Fonte  1 E","5050-026","Fontelas","Fontelas","Peso da Régua","Vila Real","41.1693862","-7.8183883","Não","","","PENDENTE_ENRIQUECIMENTO_CONTACTOS","https://geo.turismodeportugal.pt/server/rest/services/TDP/OpenData_AL/MapServer/6/query","2026-10-06T11:24:55.805403+00:00"
"140892","Casa com Alma","Moradia","4","Rua Augusto Vieira   ","5050-073","Godim","União das freguesias de Peso da Régua e Godim","Peso da Régua","Vila Real","41.1582466","-7.8070455","Não","","","PENDENTE_ENRIQUECIMENTO_CONTACTOS","https://geo.turismodeportugal.pt/server/rest/services/TDP/OpenData_AL/MapServer/6/query","2026-10-06T11:24:55.805403+00:00"
"141766","Lino's Family Guesthouse","Moradia","8","Rua Sem Nome   ","5050-094","Sergude","União das freguesias de Peso da Régua e Godim","Peso da Régua","Vila Real","41.16095","-7.809925","Não","","","PENDENTE_ENRIQUECIMENTO_CONTACTOS","https://geo.turismodeportugal.pt/server/rest/services/TDP/OpenData_AL/MapServer/6/query","2026-10-06T11:24:55.805403+00:00"
"141769","Casamaedouro 1","Apartamento","6","Avenida Diocese de Vila Real  3 Frente - E","5050-221","Peso da Régua","União das freguesias de Peso da Régua e Godim","Peso da Régua","Vila Real","41.163599","-7.7797928","Não","","","PENDENTE_ENRIQUECIMENTO_CONTACTOS","https://geo.turismodeportugal.pt/server/rest/services/TDP/OpenData_AL/MapServer/6/query","2026-10-06T11:24:55.805403+00:00"
"141772","Casamaedouro 2","Apartamento","2","Avenida Diocese de Vila Real  3 Frente - C","5050-221","Peso da Régua","União das freguesias de Peso da Régua e Godim","Peso da Régua","Vila Real","41.163599","-7.7797928","Não","","","PENDENTE_ENRIQUECIMENTO_CONTACTOS","https://geo.turismodeportugal.pt/server/rest/services/TDP/OpenData_AL/MapServer/6/query","2026-10-06T11:24:55.805403+00:00"
"142323","Casa do Alfaiate","Apartamento","6","Avenida Doutor Manuel de Arriaga   ","5050-225","Peso da Régua","União das freguesias de Peso da Régua e Godim","Peso da Régua","Vila Real","41.1632932","-7.7860663","Não","","","PENDENTE_ENRIQUECIMENTO_CONTACTOS","https://geo.turismodeportugal.pt/server/rest/services/TDP/OpenData_AL/MapServer/6/query","2026-10-06T11:24:55.805403+00:00"
"147008","O Capitão","EstabelecimentoHospedagem","4","Avenida Diocese de Vila Real 133  ","5050-221","Peso da Régua","União das freguesias de Peso da Régua e Godim","Peso da Régua","Vila Real","41.1574949","-7.777501","Não","","","PENDENTE_ENRIQUECIMENTO_CONTACTOS","https://geo.turismodeportugal.pt/server/rest/services/TDP/OpenData_AL/MapServer/6/query","2026-10-06T11:24:55.805403+00:00"
"148066","Brunhedo 2","Apartamento","4","Rua Belmiro Borges Frias  2º ","5050-021","Fontelas","Fontelas","Peso da Régua","Vila Real","41.1648324","-7.82187","Não","","","PENDENTE_ENRIQUECIMENTO_CONTACTOS","https://geo.turismodeportugal.pt/server/rest/services/TDP/OpenData_AL/MapServer/6/query","2026-10-06T11:24:55.805403+00:00"
"148068","Brunhedo 1","Apartamento","4","Rua Belmiro Borges Frias  1º ","5050-021","Fontelas","Fontelas","Peso da Régua","Vila Real","41.1648324","-7.82187","Não","","","PENDENTE_ENRIQUECIMENTO_CONTACTOS","https://geo.turismodeportugal.pt/server/rest/services/TDP/OpenData_AL/MapServer/6/query","2026-10-06T11:24:55.805403+00:00"
"149405","Casa Filó","Apartamento","6","Rua da Ferreirinha 126 1º ","5050-261","Peso da Régua","União das freguesias de Peso da Régua e Godim","Peso da Régua","Vila Real","41.16417","-7.7928","Não","","","PENDENTE_ENRIQUECIMENTO_CONTACTOS","https://geo.turismodeportugal.pt/server/rest/services/TDP/OpenData_AL/MapServer/6/query","2026-10-06T11:24:55.805403+00:00"
"150620","Casa do Carriço","Moradia","6","Rua das Laranjeiras 10  ","5050-060","Godim","União das freguesias de Peso da Régua e Godim","Peso da Régua","Vila Real","41.168118","-7.8045251","Não","","","PENDENTE_ENRIQUECIMENTO_CONTACTOS","https://geo.turismodeportugal.pt/server/rest/services/TDP/OpenData_AL/MapServer/6/query","2026-10-06T11:24:55.805403+00:00"
"152726","Cas'A Ferreirinha 1","Apartamento","6","Avenida João Franco  1 ","5050-226","Peso da Régua","União das freguesias de Peso da Régua e Godim","Peso da Régua","Vila Real","41.1612394","-7.7906588","Não","","","PENDENTE_ENRIQUECIMENTO_CONTACTOS","https://geo.turismodeportugal.pt/server/rest/services/TDP/OpenData_AL/MapServer/6/query","2026-10-06T11:24:55.805403+00:00"
"152727","Cas'A Ferreirinha 2","Apartamento","6","Avenida João Franco  2 ","5050-226","Peso da Régua","União das freguesias de Peso da Régua e Godim","Peso da Régua","Vila Real","41.1612394","-7.7906588","Não","","","PENDENTE_ENRIQUECIMENTO_CONTACTOS","https://geo.turismodeportugal.pt/server/rest/services/TDP/OpenData_AL/MapServer/6/query","2026-10-06T11:24:55.805403+00:00"
"153381","Oliveira Douro Guest House 2","Apartamento","6","Rua Padre Teixeira de Carvalho   AP.02","5050-069","Godim","União das freguesias de Peso da Régua e Godim","Peso da Régua","Vila Real","41.1706852","-7.8056726","Não","","","PENDENTE_ENRIQUECIMENTO_CONTACTOS","https://geo.turismodeportugal.pt/server/rest/services/TDP/OpenData_AL/MapServer/6/query","2026-10-06T11:24:55.805403+00:00"
"153382","Oliveira Douro Guest House 1","Apartamento","6","Rua Padre Teixeira de Carvalho   AP.01","5050-069","Godim","União das freguesias de Peso da Régua e Godim","Peso da Régua","Vila Real","41.1710773","-7.8045833","Não","","","PENDENTE_ENRIQUECIMENTO_CONTACTOS","https://geo.turismodeportugal.pt/server/rest/services/TDP/OpenData_AL/MapServer/6/query","2026-10-06T11:24:55.805403+00:00"
"153383","Oliveira Douro Guest House 5","Apartamento","6","Rua Padre Teixeira de Carvalho   AP.05","5050-069","Godim","União das freguesias de Peso da Régua e Godim","Peso da Régua","Vila Real","41.17067","-7.80597","Não","","","PENDENTE_ENRIQUECIMENTO_CONTACTOS","https://geo.turismodeportugal.pt/server/rest/services/TDP/OpenData_AL/MapServer/6/query","2026-10-06T11:24:55.805403+00:00"
"153384","Oliveira Douro Guest House 4","Apartamento","4","Rua Padre Teixeira de Carvalho   AP.03","5050-069","Godim","União das freguesias de Peso da Régua e Godim","Peso da Régua","Vila Real","41.1710773","-7.8045833","Não","","","PENDENTE_ENRIQUECIMENTO_CONTACTOS","https://geo.turismodeportugal.pt/server/rest/services/TDP/OpenData_AL/MapServer/6/query","2026-10-06T11:24:55.805403+00:00"
"153385","Oliveira Douro Guest House 6","Apartamento","4","Rua Padre Teixeira de Carvalho   AP.06","5050-069","Godim","União das freguesias de Peso da Régua e Godim","Peso da Régua","Vila Real","41.1706852","-7.8056726","Não","","","PENDENTE_ENRIQUECIMENTO_CONTACTOS","https://geo.turismodeportugal.pt/server/rest/services/TDP/OpenData_AL/MapServer/6/query","2026-10-06T11:24:55.805403+00:00"
"153808","The River House","Quartos","5","Rua Dona Antónia Adelaide Ferreira 506  ","5050-023","Fontelas","Fontelas","Peso da Régua","Vila Real","41.1547687","-7.8267239","Não","","","PENDENTE_ENRIQUECIMENTO_CONTACTOS","https://geo.turismodeportugal.pt/server/rest/services/TDP/OpenData_AL/MapServer/6/query","2026-10-06T11:24:55.805403+00:00"
"154349","Primeiro Quartel 1","Apartamento","4","Largo dos Aviadores  1 Trás","5050-240","Peso da Régua","União das freguesias de Peso da Régua e Godim","Peso da Régua","Vila Real","41.1625134","-7.7894407","Não","","","PENDENTE_ENRIQUECIMENTO_CONTACTOS","https://geo.turismodeportugal.pt/server/rest/services/TDP/OpenData_AL/MapServer/6/query","2026-10-06T11:24:55.805403+00:00"
"154350","Primeiro Quartel 4","Apartamento","4","Largo dos Aviadores  2 Trás","5050-240","Peso da Régua","União das freguesias de Peso da Régua e Godim","Peso da Régua","Vila Real","41.1625134","-7.7894407","Não","","","PENDENTE_ENRIQUECIMENTO_CONTACTOS","https://geo.turismodeportugal.pt/server/rest/services/TDP/OpenData_AL/MapServer/6/query","2026-10-06T11:24:55.805403+00:00"
"154351","Primeiro Quartel 2","Apartamento","4","Largo dos Aviadores  1 Dto Frente","5050-240","Peso da Régua","União das freguesias de Peso da Régua e Godim","Peso da Régua","Vila Real","41.162655","-7.78892","Não","","","PENDENTE_ENRIQUECIMENTO_CONTACTOS","https://geo.turismodeportugal.pt/server/rest/services/TDP/OpenData_AL/MapServer/6/query","2026-10-06T11:24:55.805403+00:00"
"154353","Primeiro Quartel 3","Apartamento","4","Largo dos Aviadores  1 Frente Esq","5050-240","Peso da Régua","União das freguesias de Peso da Régua e Godim","Peso da Régua","Vila Real","41.162655","-7.78892","Não","","","PENDENTE_ENRIQUECIMENTO_CONTACTOS","https://geo.turismodeportugal.pt/server/rest/services/TDP/OpenData_AL/MapServer/6/query","2026-10-06T11:24:55.805403+00:00"
"154354","Primeiro Quartel 5","Apartamento","4","Largo dos Aviadores  2 Frente","5050-240","Peso da Régua","União das freguesias de Peso da Régua e Godim","Peso da Régua","Vila Real","41.1625134","-7.7894407","Não","","","PENDENTE_ENRIQUECIMENTO_CONTACTOS","https://geo.turismodeportugal.pt/server/rest/services/TDP/OpenData_AL/MapServer/6/query","2026-10-06T11:24:55.805403+00:00"
"154483","Casal do Temporão","Moradia","10","Rua de Gadaires 119  ","5050-041","Galafura","União das freguesias de Galafura e Covelinhas","Peso da Régua","Vila Real","41.18379","-7.68312","Não","","","PENDENTE_ENRIQUECIMENTO_CONTACTOS","https://geo.turismodeportugal.pt/server/rest/services/TDP/OpenData_AL/MapServer/6/query","2026-10-06T11:24:55.805403+00:00"
"155737","LB Douro","Apartamento","4","Avenida Sacadura Cabral Bloco 1 Fração A 2","5050-071","Godim","União das freguesias de Peso da Régua e Godim","Peso da Régua","Vila Real","41.1641692","-7.8008851","Não","","","PENDENTE_ENRIQUECIMENTO_CONTACTOS","https://geo.turismodeportugal.pt/server/rest/services/TDP/OpenData_AL/MapServer/6/query","2026-10-06T11:24:55.805403+00:00"
"155955","CASA DA LARANJA","Moradia","8","Rua Guedes de Amorim 607  ","5050-277","Peso da Régua","União das freguesias de Peso da Régua e Godim","Peso da Régua","Vila Real","41.1652365","-7.7905635","Não","","","PENDENTE_ENRIQUECIMENTO_CONTACTOS","https://geo.turismodeportugal.pt/server/rest/services/TDP/OpenData_AL/MapServer/6/query","2026-10-06T11:24:55.805403+00:00"
"156427","AL Godim Douro","Apartamento","6","Travessa Augusto Vieira  1º Esq.","5050-073","Godim","União das freguesias de Peso da Régua e Godim","Peso da Régua","Vila Real","41.1613888","-7.8055277","Não","","","PENDENTE_ENRIQUECIMENTO_CONTACTOS","https://geo.turismodeportugal.pt/server/rest/services/TDP/OpenData_AL/MapServer/6/query","2026-10-06T11:24:55.805403+00:00"
"157308","Casa da Branca","Apartamento","6","Rua dos Camilos 428 0 ","5050-272","Peso da Régua","União das freguesias de Peso da Régua e Godim","Peso da Régua","Vila Real","41.1606138","-7.7872177","Não","","","PENDENTE_ENRIQUECIMENTO_CONTACTOS","https://geo.turismodeportugal.pt/server/rest/services/TDP/OpenData_AL/MapServer/6/query","2026-10-06T11:24:55.805403+00:00"
"157512","Cute Stone House in the Douro Valley","Moradia","4","Rua da Sobreira de Baixo   ","5050-369","Vilarinho dos Freires","Vilarinho dos Freires","Peso da Régua","Vila Real","41.1873899","-7.7462162","Não","","","PENDENTE_ENRIQUECIMENTO_CONTACTOS","https://geo.turismodeportugal.pt/server/rest/services/TDP/OpenData_AL/MapServer/6/query","2026-10-06T11:24:55.805403+00:00"
"157874","Casa D'Alice","Quartos","6","Rua Augusto Vieira   ","5050-073","Godim","União das freguesias de Peso da Régua e Godim","Peso da Régua","Vila Real","41.160082","-7.8062788","Não","","","PENDENTE_ENRIQUECIMENTO_CONTACTOS","https://geo.turismodeportugal.pt/server/rest/services/TDP/OpenData_AL/MapServer/6/query","2026-10-06T11:24:55.805403+00:00"
"158240","POMBINHOSDOURO","Apartamento","6","Rua Doutor Maximiano de Lemos  4 ESQ","5050-276","Peso da Régua","União das freguesias de Peso da Régua e Godim","Peso da Régua","Vila Real","41.1636692","-7.7885633","Não","","","PENDENTE_ENRIQUECIMENTO_CONTACTOS","https://geo.turismodeportugal.pt/server/rest/services/TDP/OpenData_AL/MapServer/6/query","2026-10-06T11:24:55.805403+00:00"
"158241","Casa Teles","Apartamento","5","Rua Augusto Vieira s/n 2.º ","5050-073","Godim","União das freguesias de Peso da Régua e Godim","Peso da Régua","Vila Real","41.1613888","-7.8055277","Não","","","PENDENTE_ENRIQUECIMENTO_CONTACTOS","https://geo.turismodeportugal.pt/server/rest/services/TDP/OpenData_AL/MapServer/6/query","2026-10-06T11:24:55.805403+00:00"
"158736","Casa D. Aninhas","Moradia","8","Rua da Praça   ","5050-326","Praça","União das freguesias de Peso da Régua e Godim","Peso da Régua","Vila Real","41.1655201","-7.7861842","Não","","","PENDENTE_ENRIQUECIMENTO_CONTACTOS","https://geo.turismodeportugal.pt/server/rest/services/TDP/OpenData_AL/MapServer/6/query","2026-10-06T11:24:55.805403+00:00"
"159473","Quinta de Raj","EstabelecimentoHospedagem","8","Rua do Caleiro s/n  ","5050-314","Torre","União das freguesias de Peso da Régua e Godim","Peso da Régua","Vila Real","41.1655201","-7.7861842","Não","","","PENDENTE_ENRIQUECIMENTO_CONTACTOS","https://geo.turismodeportugal.pt/server/rest/services/TDP/OpenData_AL/MapServer/6/query","2026-10-06T11:24:55.805403+00:00"
"160400","ONCE IN DOURO","Moradia","10","Rua Engenheiro Álvaro Moreira da Fonseca 5  ","5050-072","Godim","União das freguesias de Peso da Régua e Godim","Peso da Régua","Vila Real","41.1655849","-7.8010489","Não","","","PENDENTE_ENRIQUECIMENTO_CONTACTOS","https://geo.turismodeportugal.pt/server/rest/services/TDP/OpenData_AL/MapServer/6/query","2026-10-06T11:24:55.805403+00:00"
"160918","Ilha do Cardeano","EstabelecimentoHospedagem","6","Avenida Doutor Manuel de Arriaga   ","5050-225","Peso da Régua","União das freguesias de Peso da Régua e Godim","Peso da Régua","Vila Real","41.1661167","-7.7836972","Não","","","PENDENTE_ENRIQUECIMENTO_CONTACTOS","https://geo.turismodeportugal.pt/server/rest/services/TDP/OpenData_AL/MapServer/6/query","2026-10-06T11:24:55.805403+00:00"
"161623","PMDouroValley","Apartamento","6","Rua Doutor Mário Bernardes Pereira Porta 2 5 E","5050-075","Godim","União das freguesias de Peso da Régua e Godim","Peso da Régua","Vila Real","41.1655201","-7.7861842","Não","","","PENDENTE_ENRIQUECIMENTO_CONTACTOS","https://geo.turismodeportugal.pt/server/rest/services/TDP/OpenData_AL/MapServer/6/query","2026-10-06T11:24:55.805403+00:00"
"162144","Quinta de Sergude","Moradia","6","Quinta de Sergude   ","5050-094","Sergude","União das freguesias de Peso da Régua e Godim","Peso da Régua","Vila Real","41.1655201","-7.7861842","Não","","","PENDENTE_ENRIQUECIMENTO_CONTACTOS","https://geo.turismodeportugal.pt/server/rest/services/TDP/OpenData_AL/MapServer/6/query","2026-10-06T11:24:55.805403+00:00"
"164844","Casa dos Meninos","Apartamento","6","Rua Rua Professor José Lacerda 11 1 Direito","5050-081","Godim","União das freguesias de Peso da Régua e Godim","Peso da Régua","Vila Real","41.1672868","-7.8005458","Não","","","PENDENTE_ENRIQUECIMENTO_CONTACTOS","https://geo.turismodeportugal.pt/server/rest/services/TDP/OpenData_AL/MapServer/6/query","2026-10-06T11:24:55.805403+00:00"
"165003","Casa no Cimo do Douro","Moradia","6","Rua de Marvão 605  ","5050-318","Marvão","União das freguesias de Peso da Régua e Godim","Peso da Régua","Vila Real","41.1655201","-7.7861842","Não","","","PENDENTE_ENRIQUECIMENTO_CONTACTOS","https://geo.turismodeportugal.pt/server/rest/services/TDP/OpenData_AL/MapServer/6/query","2026-10-06T11:24:55.805403+00:00"
"165867","Casa Miradouro","Quartos","6","Travessa do Miradouro 68  ","5050-440","Canelas","Canelas","Peso da Régua","Vila Real","41.1630839","-7.7266984","Não","","","PENDENTE_ENRIQUECIMENTO_CONTACTOS","https://geo.turismodeportugal.pt/server/rest/services/TDP/OpenData_AL/MapServer/6/query","2026-10-06T11:24:55.805403+00:00"
"165868","Casa da Lameira","EstabelecimentoHospedagem","14","Rua da Lameira 72  ","5050-425","Canelas","Canelas","Peso da Régua","Vila Real","41.1657237","-7.7259488","Não","","","PENDENTE_ENRIQUECIMENTO_CONTACTOS","https://geo.turismodeportugal.pt/server/rest/services/TDP/OpenData_AL/MapServer/6/query","2026-10-06T11:24:55.805403+00:00"
"166741","Casa Carvalho","Moradia","6","Rua de Lousada 1708  ","5050-262","Godim","União das freguesias de Peso da Régua e Godim","Peso da Régua","Vila Real","41.1696683","-7.7963976","Não","","","PENDENTE_ENRIQUECIMENTO_CONTACTOS","https://geo.turismodeportugal.pt/server/rest/services/TDP/OpenData_AL/MapServer/6/query","2026-10-06T11:24:55.805403+00:00"
"167638","Boa Passagem 2","Apartamento","4","Rua de Pedro Verdial 18 2 Trás","5050-283","Peso da Régua","União das freguesias de Peso da Régua e Godim","Peso da Régua","Vila Real","41.1661912","-7.7876392","Não","","","PENDENTE_ENRIQUECIMENTO_CONTACTOS","https://geo.turismodeportugal.pt/server/rest/services/TDP/OpenData_AL/MapServer/6/query","2026-10-06T11:24:55.805403+00:00"
"167641","Casa Sto António II","Apartamento","6","Rua da Cruz das Almas   ","5050-259","Peso da Régua","União das freguesias de Peso da Régua e Godim","Peso da Régua","Vila Real","41.1673491","-7.7868156","Não","","","PENDENTE_ENRIQUECIMENTO_CONTACTOS","https://geo.turismodeportugal.pt/server/rest/services/TDP/OpenData_AL/MapServer/6/query","2026-10-06T11:24:55.805403+00:00"
"167642","Casa Sto António I","Apartamento","2","Rua da Cruz das Almas   ","5050-259","Peso da Régua","União das freguesias de Peso da Régua e Godim","Peso da Régua","Vila Real","41.1673491","-7.7868156","Não","","","PENDENTE_ENRIQUECIMENTO_CONTACTOS","https://geo.turismodeportugal.pt/server/rest/services/TDP/OpenData_AL/MapServer/6/query","2026-10-06T11:24:55.805403+00:00"
"167643","Boa Passagem 1","Apartamento","4","Rua de Pedro Verdial 18 2 Frente","5050-283","Peso da Régua","União das freguesias de Peso da Régua e Godim","Peso da Régua","Vila Real","41.1661912","-7.7876392","Não","","","PENDENTE_ENRIQUECIMENTO_CONTACTOS","https://geo.turismodeportugal.pt/server/rest/services/TDP/OpenData_AL/MapServer/6/query","2026-10-06T11:24:55.805403+00:00"
"168896","souto 25","Moradia","2","Rua do Souto 25  ","5050-271","Peso da Régua","União das freguesias de Peso da Régua e Godim","Peso da Régua","Vila Real","41.1648093","-7.7829527","Não","","","PENDENTE_ENRIQUECIMENTO_CONTACTOS","https://geo.turismodeportugal.pt/server/rest/services/TDP/OpenData_AL/MapServer/6/query","2026-10-06T11:24:55.805403+00:00"
"170547","Casa Mendes I","Apartamento","4","Rua de Sergude 173 1 E","5050-094","Sergude","União das freguesias de Peso da Régua e Godim","Peso da Régua","Vila Real","41.1655201","-7.7861842","Não","","","PENDENTE_ENRIQUECIMENTO_CONTACTOS","https://geo.turismodeportugal.pt/server/rest/services/TDP/OpenData_AL/MapServer/6/query","2026-10-06T11:24:55.805403+00:00"
"173213","VILLA ROSA DOURO, LDA","EstabelecimentoHospedagem","18","Rua Doutor Luís Beleza de Andrade 13  ","5050-072","Godim","União das freguesias de Peso da Régua e Godim","Peso da Régua","Vila Real","41.1651244","-7.7992689","Não","","","PENDENTE_ENRIQUECIMENTO_CONTACTOS","https://geo.turismodeportugal.pt/server/rest/services/TDP/OpenData_AL/MapServer/6/query","2026-10-06T11:24:55.805403+00:00"
"173954","Ninho D'ouro","Apartamento","4","Rua Comendador Joaquim Macedo  1º Esq.","5050-074","Godim","União das freguesias de Peso da Régua e Godim","Peso da Régua","Vila Real","41.165734","-7.797472","Não","","","PENDENTE_ENRIQUECIMENTO_CONTACTOS","https://geo.turismodeportugal.pt/server/rest/services/TDP/OpenData_AL/MapServer/6/query","2026-10-06T11:24:55.805403+00:00"
"173960","Camilos Nest","Apartamento","2","Rua dos Camilos Ed. Columb 1º fração AD","5050-273","Peso da Régua","União das freguesias de Peso da Régua e Godim","Peso da Régua","Vila Real","41.160944","-7.7878819","Não","","","PENDENTE_ENRIQUECIMENTO_CONTACTOS","https://geo.turismodeportugal.pt/server/rest/services/TDP/OpenData_AL/MapServer/6/query","2026-10-06T11:24:55.805403+00:00"
"175719","DouroParadise","Apartamento","4","Rua dos Camilos 179 3 E","5050-273","Peso da Régua","União das freguesias de Peso da Régua e Godim","Peso da Régua","Vila Real","41.1611955","-7.7882136","Não","","","PENDENTE_ENRIQUECIMENTO_CONTACTOS","https://geo.turismodeportugal.pt/server/rest/services/TDP/OpenData_AL/MapServer/6/query","2026-10-06T11:24:55.805403+00:00"
"177106","Casa da Estação 1","Apartamento","2","Rua José Vasques Osório 7 1º direito","5050-280","Peso da Régua","União das freguesias de Peso da Régua e Godim","Peso da Régua","Vila Real","41.1601521","-7.7856288","Não","","","PENDENTE_ENRIQUECIMENTO_CONTACTOS","https://geo.turismodeportugal.pt/server/rest/services/TDP/OpenData_AL/MapServer/6/query","2026-10-06T11:24:55.805403+00:00"
"177108","Casa da Estação 2","Apartamento","4","Rua José Vasques Osório 7 1º esquerdo","5050-280","Peso da Régua","União das freguesias de Peso da Régua e Godim","Peso da Régua","Vila Real","41.1601521","-7.7856288","Não","","","PENDENTE_ENRIQUECIMENTO_CONTACTOS","https://geo.turismodeportugal.pt/server/rest/services/TDP/OpenData_AL/MapServer/6/query","2026-10-06T11:24:55.805403+00:00"
"177110","Douro Cosy Studio","Apartamento","3","Rua da Amendoeira 164 R/C  Esquerdo","5050-011","Amendoeira","União das freguesias de Peso da Régua e Godim","Peso da Régua","Vila Real","41.1655201","-7.7861842","Não","","","PENDENTE_ENRIQUECIMENTO_CONTACTOS","https://geo.turismodeportugal.pt/server/rest/services/TDP/OpenData_AL/MapServer/6/query","2026-10-06T11:24:55.805403+00:00"
"178398","Casa Terracota da Casa do Romezal ","Moradia","2","Calçada do Barreiro 138  ","5050-366","Vilarinho dos Freires","Vilarinho dos Freires","Peso da Régua","Vila Real","41.17782","-7.74619","Não","","","PENDENTE_ENRIQUECIMENTO_CONTACTOS","https://geo.turismodeportugal.pt/server/rest/services/TDP/OpenData_AL/MapServer/6/query","2026-10-06T11:24:55.805403+00:00"
"178399","CR Cruzeiro","Apartamento","8","Rua João de Lemos 41 2 Esquerdo","5050-278","Peso da Régua","União das freguesias de Peso da Régua e Godim","Peso da Régua","Vila Real","41.1622001","-7.789924","Não","","","PENDENTE_ENRIQUECIMENTO_CONTACTOS","https://geo.turismodeportugal.pt/server/rest/services/TDP/OpenData_AL/MapServer/6/query","2026-10-06T11:24:55.805403+00:00"
"178777","Casa da Mata","Moradia","4","Rua das Pedras Santanas 503  ","5050-318","Marvão","União das freguesias de Peso da Régua e Godim","Peso da Régua","Vila Real","41.1655201","-7.7861842","Não","","","PENDENTE_ENRIQUECIMENTO_CONTACTOS","https://geo.turismodeportugal.pt/server/rest/services/TDP/OpenData_AL/MapServer/6/query","2026-10-06T11:24:55.805403+00:00"
"179872","Tombo da Moura","Moradia","6","Rua de Pulgueiros de Baixo 80  ","5050-324","Pulgueiros de Baixo","União das freguesias de Moura Morta e Vinhós","Peso da Régua","Vila Real","41.1964043","-7.8345706","Não","","","PENDENTE_ENRIQUECIMENTO_CONTACTOS","https://geo.turismodeportugal.pt/server/rest/services/TDP/OpenData_AL/MapServer/6/query","2026-10-06T11:24:55.805403+00:00"
"179873","Casa da Avó Rosinha","Moradia","4","Rua de São Miguel 68  ","5050-344","Poiares","União das freguesias de Peso da Régua e Godim","Peso da Régua","Vila Real","41.1655201","-7.7861842","Não","","","PENDENTE_ENRIQUECIMENTO_CONTACTOS","https://geo.turismodeportugal.pt/server/rest/services/TDP/OpenData_AL/MapServer/6/query","2026-10-06T11:24:55.805403+00:00"
"180327","Casa da Montanha","Moradia","4","Largo da Eira 16  ","5050-403","Ermida","União das freguesias de Peso da Régua e Godim","Peso da Régua","Vila Real","41.1652555","-7.7863914","Não","","","PENDENTE_ENRIQUECIMENTO_CONTACTOS","https://geo.turismodeportugal.pt/server/rest/services/TDP/OpenData_AL/MapServer/6/query","2026-10-06T11:24:55.805403+00:00"
"180579","Casa Rufino","Apartamento","8","Beco da Preguiça 24  ","5050-316","Travassos","União das freguesias de Peso da Régua e Godim","Peso da Régua","Vila Real","41.1655201","-7.7861842","Não","","","PENDENTE_ENRIQUECIMENTO_CONTACTOS","https://geo.turismodeportugal.pt/server/rest/services/TDP/OpenData_AL/MapServer/6/query","2026-10-06T11:24:55.805403+00:00"
"181490","Farol do Douro","Apartamento","8","Avenida Doutor Manuel de Arriaga 2 4º Rec","5050-225","Peso da Régua","União das freguesias de Peso da Régua e Godim","Peso da Régua","Vila Real","41.1657991","-7.78303","Não","","","PENDENTE_ENRIQUECIMENTO_CONTACTOS","https://geo.turismodeportugal.pt/server/rest/services/TDP/OpenData_AL/MapServer/6/query","2026-10-06T11:24:55.805403+00:00"
