NrRNAL,Denominacao,DataRegisto,DataAberturaPublico,Modalidade,NrUtentes,Endereco,CodigoPostal,LOCALIDADE,LatLong,Freguesia,Concelho,Distrito,SeloCleanSafe
1945,Casa de Pedra,1419347992000,1420070400000,Moradia,6,1ª Rua Principal   ,2300-233,Esteveira,"39,5878116461933 ; -8,41811180996366",União das freguesias de Tomar (São João Baptista) e Santa Maria dos Olivais,Tomar,Santarém,Não
2807,"Ninho do Falcão-Actividades Hoteleiras, Lda",1300320000000,995328000000,EstabelecimentoHospedagem,17,Estrada Estrada do Castelo do Bode 24  ,2300-184,Quinta do Falcão,"39,5485080011875 ; -8,37875149967738",São Pedro de Tomar,Tomar,Santarém,Sim
2897,Residencial União-GuestHuse-AL,1386201600000,1386201600000,EstabelecimentoHospedagem,49,Rua Rua Serpa Pinto 94  ,2300-592,Tomar,"39,6041810092316 ; -8,41345658893698",União das freguesias de Tomar (São João Baptista) e Santa Maria dos Olivais,Tomar,Santarém,Não
2997,António José dos Santos/Residencial Luz,1302739200000,1302739200000,EstabelecimentoHospedagem,32,Rua Rua Serpa Pinto 144  ,2300-592,Tomar,"39,6039729504925 ; -8,41432125994515",União das freguesias de Tomar (São João Baptista) e Santa Maria dos Olivais,Tomar,Santarém,Não
3217,João Luis Marques Lourinho,1320278400000,1320278400000,Moradia,48,Quinta Quinta dos Ganados   ,2305-321,Casais,"39,5556602219154 ; -8,43393000042324",União das freguesias de Madalena e Beselga,Tomar,Santarém,Não
4441,Casa do Trovador,1407456000000,1407456000000,EstabelecimentoHospedagem,13,Estrada Estrada do Ôuteiro da Barreira   ,2300-263,Serra,"39,5993489593272 ; -8,29088009641338",Serra,Tomar,Santarém,Não
9003,Casa Ceres,1426002944000,1425945600000,Moradia,10,Rua Principal 5A  ,2305-303,Arroteia,"39,5556602219154 ; -8,43393000042324",União das freguesias de Madalena e Beselga,Tomar,Santarém,Não
9479,Hostel Luanda,1301875200000,1301875200000,EstabelecimentoHospedagem,34,Avenida Marquês de Tomar 15  ,2300-586,Tomar,"39,6054433616229 ; -8,41456981881166",União das freguesias de Tomar (São João Baptista) e Santa Maria dos Olivais,Tomar,Santarém,Sim
9504,Thomar Story,1414022400000,1414022400000,EstabelecimentoHospedagem,24,Rua Everard 49 a 53  ,2300-561,Tomar,"39,6035700010526 ; -8,41183550050487",União das freguesias de Tomar (São João Baptista) e Santa Maria dos Olivais,Tomar,Santarém,Sim
9769,Hostel 2300 Thomar,1369785600000,1369785600000,EstabelecimentoHospedagemHostel,44,Rua Serpo Peinto 43  ,2300-592,Tomar,"39,6043227963375 ; -8,41257411356711",União das freguesias de Tomar (São João Baptista) e Santa Maria dos Olivais,Tomar,Santarém,Sim
11459,Alojamento Local-Santa Cita,1378944000000,1378944000000,EstabelecimentoHospedagem,14,"Rua Rua Assunção Rasteiro,  5  ",2305-123,Santa Cita,"39,5414700008857 ; -8,38882700055868",Asseiceira,Tomar,Santarém,Não
13658,Casa da Fonte Velha,1430995649000,1433116800000,Moradia,5,Rua Fonte Velha 12  ,2300-035,Poço Redondo,"39,6202787279887 ; -8,38089297844255",União das freguesias de Tomar (São João Baptista) e Santa Maria dos Olivais,Tomar,Santarém,Não
14022,Casinha da Pedra,1432207780000,1433116800000,Moradia,2,Travessa Arco 7  ,2300-597,Tomar,"39,6024278862809 ; -8,41367210611791",União das freguesias de Tomar (São João Baptista) e Santa Maria dos Olivais,Tomar,Santarém,Não
15657,Casa da Quinta,1434366112000,1434326400000,Moradia,6,2ª Rua Principal 64  ,2300-171,Durões,"39,5422575064077 ; -8,3799249567572",São Pedro de Tomar,Tomar,Santarém,Sim
19929,Casinha do Arco,1442483007000,1443657600000,Moradia,2,Travessa Travessa Arco 9 e 11  ,2300-597,Tomar,"39,6024550727771 ; -8,41368351203325",União das freguesias de Tomar (São João Baptista) e Santa Maria dos Olivais,Tomar,Santarém,Não
22296,Paraíso Azul,1448875422000,1448841600000,Moradia,9,1ª Rua  Vila Nova 52  ,2300-262,Vila Nova,"39,5843010013087 ; -8,26438400023795",Serra,Tomar,Santarém,Não
22841,Horta dos Cedros,1450354936000,1454284800000,EstabelecimentoHospedagem,8,Rua Rua Horta do Perú s/n  ,2300-316,Borda da Vala,"39,6122986839281 ; -8,40899064043824",União das freguesias de Tomar (São João Baptista) e Santa Maria dos Olivais,Tomar,Santarém,Não
24334,Casa do Alqueidãozinho,1454941744000,1454889600000,Moradia,7,1ª Rua  Rua Principal 50-A  ,2300-213,Alqueidãozinho,"39,5870100012728 ; -8,2770875004604",Serra,Tomar,Santarém,Não
26475,Quinta de Monchite,1459264869000,1459209600000,Moradia,9,Rua  Monchite 92  ,2305-618,Monchite,"39,6769560013395 ; -8,49327200007611",Sabacheira,Tomar,Santarém,Não
27655,Pátio da Laranjeira,1461149231000,1461110400000,Apartamento,4,Rua Rua Sacadura Cabral 17 R/C Esquerdo,2300-591,Tomar,"39,6049779852555 ; -8,41460768832442",União das freguesias de Tomar (São João Baptista) e Santa Maria dos Olivais,Tomar,Santarém,Não
33025,Casa à Beira do Lago,1469615375000,1469577600000,Moradia,7,2ª Rua  Montes - Montes - Olalhas   ,2300-087,Montes,"39,637221001346 ; -8,26512199975721",Olalhas,Tomar,Santarém,Não
34113,A Casa do Olival,1472052017000,1471996800000,EstabelecimentoHospedagem,10,1ª Rua  Rua do Olival 18  ,2300-218,Barreira Grande,"39,5999900009481 ; -8,33700091193357",Junceira,Tomar,Santarém,Não
37694,QUINTA DA BIZELGA,1481742572000,1481760000000,Moradia,4,Quinta QUINTA DA BIZELGA   ,2305-425,MADALENA,"39,5556602219154 ; -8,43393000042324",União das freguesias de Madalena e Beselga,Tomar,Santarém,Sim
38393,Fla,1483541759000,1406851200000,Apartamento,4,Rua Rua Santa Iria 21 1º Drto Frt,2300-475,Tomar,"39,6039761145428 ; -8,40993873180666",União das freguesias de Tomar (São João Baptista) e Santa Maria dos Olivais,Tomar,Santarém,Sim
38401,Flattered to be in Tomar,1483542614000,1406851200000,Apartamento,4,Rua Rua Santa Iria 21 1º Drto Tras,2300-475,Tomar,"39,6039761145428 ; -8,40993873180666",União das freguesias de Tomar (São João Baptista) e Santa Maria dos Olivais,Tomar,Santarém,Sim
38402,Flattered to be in Tomar,1483543663000,1406851200000,Apartamento,4,Rua Rua Santa Iria 21 2º Drto Frt,2300-475,Tomar,"39,6039761145428 ; -8,40993873180666",União das freguesias de Tomar (São João Baptista) e Santa Maria dos Olivais,Tomar,Santarém,Sim
38526,Flattered to be in Tomar,1483790638000,1406851200000,Apartamento,2,Rua Rua Santa Iria 21 2º Drto Tras,2300-475,Tomar,"39,6039761145428 ; -8,40993873180666",União das freguesias de Tomar (São João Baptista) e Santa Maria dos Olivais,Tomar,Santarém,Sim
38527,Flattered to be in Tomar,1483803224000,1406851200000,Apartamento,4,Rua Rua Santa Iria 11 2º Esq. Frt.,2300-475,Tomar,"39,6041012661635 ; -8,41001793988666",União das freguesias de Tomar (São João Baptista) e Santa Maria dos Olivais,Tomar,Santarém,Sim
38528,Flattered to be in Tomar,1483804520000,1406851200000,Apartamento,2,Rua Rua Santa Iria 11 2º Esq. Tras.,2300-475,Tomar,"39,6041012661635 ; -8,41001793988666",União das freguesias de Tomar (São João Baptista) e Santa Maria dos Olivais,Tomar,Santarém,Sim
38543,Casa do Pinheiro,1483962008000,1485820800000,EstabelecimentoHospedagem,10,1ª Rua  Rua Maximina dos Santos 16  ,2300-211,Abadia,"39,5999900009481 ; -8,33700091193357",Junceira,Tomar,Santarém,Não
40179,Casa José Gomes Pedro,1487583062000,1493596800000,Moradia,9,Rua  Regueira   ,2305-240,Vale do Carvalho,"39,6374100006785 ; -8,44373600003371",Carregueiros,Tomar,Santarém,Não
40237,Casa dos Vidros,1484146702000,1484092800000,Moradia,10,1ª Rua  Rua da Conheira - Vale da Lage   ,2300-251,Serra,"39,6020580013647 ; -8,30648149997601",Serra,Tomar,Santarém,Não
44400,Casa de São Simão,1493994551000,1493942400000,Moradia,6,Rua Aparicio Azevedo 107 - -,2305-202,Barroqueiros,"39,6415034615117 ; -8,44041634423458",Carregueiros,Tomar,Santarém,Não
45556,Casa da Paredinha,1495034750000,1495065600000,Moradia,10,Rua Rua Principal   ,2300-246,Pederneira,"39,5999900009481 ; -8,33700091193357",Junceira,Tomar,Santarém,Não
46323,Casa da Roda,1495726664000,1496275200000,Moradia,8,Rua de Camões 17  ,2305-122,Asseiceira,"39,4936080006855 ; -8,37516049988736",Asseiceira,Tomar,Santarém,Não
46625,Lodge Residence,1496074148000,1496016000000,Apartamento,4,Rua Rua Carlos Maria Pereira 9 3º Esqº,2300-457,Tomar,"39,6045840080665 ; -8,40170708841207",União das freguesias de Tomar (São João Baptista) e Santa Maria dos Olivais,Tomar,Santarém,Não
47083,Casa das Flores,1496313430000,1496275200000,Moradia,6,1ª Rua  Casal de São Lourenço 1  ,2305-163,Casal de São Lourenço,"39,6736662664884 ; -8,47880909924807",Sabacheira,Tomar,Santarém,Não
47219,Residencial Avenida Hostel,353548800000,1496361600000,Moradia,36,Avenida Avenida Dom Nuno Álvares Pereira 41  ,2300-532,Tomar,"39,5990039234292 ; -8,41056446282",União das freguesias de Tomar (São João Baptista) e Santa Maria dos Olivais,Tomar,Santarém,Sim
48585,Casa do Pai,1496924377000,1496880000000,Moradia,8,Rua  Rua Principal   ,2300-232,Espinheiro,"39,5999900009481 ; -8,33700091193357",Junceira,Tomar,Santarém,Não
48586,Templarflats,1497368815000,1498176000000,Apartamento,4,Rua Rua São João 92 2 ,2300-568,Tomar,"39,6037490931021 ; -8,41366881218857",União das freguesias de Tomar (São João Baptista) e Santa Maria dos Olivais,Tomar,Santarém,Não
48717,João Miguel Pereira Belo,1496752713000,1497484800000,Moradia,5,Rua Dr. Joaquim Jacinto 88  ,2300-577,Tomar,"39,6032668023515 ; -8,41406662759172",União das freguesias de Tomar (São João Baptista) e Santa Maria dos Olivais,Tomar,Santarém,Sim
48718,Templarflats,1497368217000,1498176000000,Apartamento,4,Rua Rua São João 92 1 ,2300-568,Tomar,"39,6037490931021 ; -8,41366881218857",União das freguesias de Tomar (São João Baptista) e Santa Maria dos Olivais,Tomar,Santarém,Não
49258,Moinhos de Matrena,1498497766000,1498521600000,EstabelecimentoHospedagem,30,Quinta  Quinta de Matrena s/n  ,2305-115,Matrena,"39,5556602219154 ; -8,43393000042324",União das freguesias de Madalena e Beselga,Tomar,Santarém,Não
50383,CASA DA BUGANVÍLIA,1499247963000,1498953600000,Moradia,4,Travessa DO ARCO 9  ,2300-597,TOMAR,"39,602457809797 ; -8,41368208048814",União das freguesias de Tomar (São João Baptista) e Santa Maria dos Olivais,Tomar,Santarém,Não
50409,Casa do Azevinho,1499257147000,1499299200000,Moradia,10,Aldeamento  S. Gião 8  ,2300-251,Serra,"39,6020580013647 ; -8,30648149997601",Serra,Tomar,Santarém,Não
54200,Casa dos Arcos,1502739573000,1503014400000,Moradia,5,Rua Rua Arcos 104  ,2300-574,Tomar,"39,6012698594126 ; -8,41521964530576",União das freguesias de Tomar (São João Baptista) e Santa Maria dos Olivais,Tomar,Santarém,Não
56144,Casa do Vale,1504775091000,1504742400000,Moradia,4,Travessa  Casa do Vale S/n  ,2300-152,Alverangel,"39,5999900009481 ; -8,33700091193357",Junceira,Tomar,Santarém,Não
56148,Casa do Vale,1504777689000,1504742400000,EstabelecimentoHospedagem,8,Travessa Casa do Vale  S/n  ,2300-152,Alverangel,"39,5517388790044 ; -8,31235018386395",São Pedro de Tomar,Tomar,Santarém,Não
58169,Casa Glória,1507888052000,1507852800000,Moradia,5,Rua Rua Principal 10A R/C Dto,2305-314,Casal Novo,"39,6167370009147 ; -8,45715500018446",Carregueiros,Tomar,Santarém,Não
58767,Comenda da Povoa - Casa do Carôlo de Milho,1508950628000,1508889600000,Moradia,6,Rua Rua Principal 27  ,2305-309,Povoa - Tomar,"39,6571274045183 ; -8,4039958937693",União das freguesias de Além da Ribeira e Pedreira,Tomar,Santarém,Sim
58768,Comenda da Povoa - Casa da Mina de Água,1508952628000,1508889600000,Moradia,7,Rua S Lourenço 40  ,2305-020,Póvoa,"39,6582462042826 ; -8,40361164333137",União das freguesias de Além da Ribeira e Pedreira,Tomar,Santarém,Não
58769,Comenda da Povoa - Casa de Pisar as Uvas,1508953759000,1508889600000,EstabelecimentoHospedagemHostel,8,Rua Rua Direita 28  ,2305-020,Póvoa,"39,6581200093983 ; -8,40346504865505",União das freguesias de Além da Ribeira e Pedreira,Tomar,Santarém,Não
64314,Casa da Anunciada,1518432071000,1518393600000,Moradia,6,Quinta Quinta da Anunciada Velha   ,2305-432,Quinta da Anunciada,"39,5556602219154 ; -8,43393000042324",União das freguesias de Madalena e Beselga,Tomar,Santarém,Não
64725,Casa,1518983224000,1522540800000,Moradia,4,Rua  Principal Lote 3  R,2300-259,Vale do Vime,"39,5892233659754 ; -8,41704115512774",União das freguesias de Tomar (São João Baptista) e Santa Maria dos Olivais,Tomar,Santarém,Não
66542,Lagar das 2 mós,1521039607000,1622160000000,Moradia,30,Avenida Avenida Vera Cruz 71  ,2305-515,Paialvo,"39,5630345171334 ; -8,46607900416158",Paialvo,Tomar,Santarém,Não
68296,Yellow House,1522943662000,1522886400000,Apartamento,4,Rua Rua Doutor Joaquim Jacinto 8 1º ,2300-577,Tomar,"39,6037329580498 ; -8,41218831172501",União das freguesias de Tomar (São João Baptista) e Santa Maria dos Olivais,Tomar,Santarém,Não
68300,Yellow House,1522945520000,1522886400000,Apartamento,4,Rua Rua Doutor Joaquim Jacinto 8 2º ,2300-577,Tomar,"39,6037329580498 ; -8,41218831172501",União das freguesias de Tomar (São João Baptista) e Santa Maria dos Olivais,Tomar,Santarém,Não
68303,Casa do Lago,1522946756000,1523836800000,Moradia,6,Zona Salgueirinha- Alverangel 429  ,2300-152,São Pedro,"39,5999900009481 ; -8,33700091193357",Junceira,Tomar,Santarém,Não
68862,A Casa do Avô,1523529871000,1523750400000,Moradia,8,Rua  do Vale 57  ,2300-236,Levegada,"39,5729245328456 ; -8,30511867008365",Serra,Tomar,Santarém,Não
71008,"Doticonta, lda.",1525776194000,1526342400000,Moradia,10,Rua Urbanização dos Bacelos 12-A  ,2300-470,Tomar,"39,6117690008231 ; -8,40633200007887",União das freguesias de Tomar (São João Baptista) e Santa Maria dos Olivais,Tomar,Santarém,Não
72134,A Gosto,1526647638000,1527811200000,Apartamento,2,Rua Rua Marquês Pombal 64  ,2300-510,Tomar,"39,6046405119664 ; -8,41051484055899",União das freguesias de Tomar (São João Baptista) e Santa Maria dos Olivais,Tomar,Santarém,Não
73306,Quinta da Ti Júlia,1527844082000,1527811200000,EstabelecimentoHospedagem,9,Rua Rua Escola Primária 80  ,2300-608,Valdonas,"39,5969570622749 ; -8,37333788264566",União das freguesias de Tomar (São João Baptista) e Santa Maria dos Olivais,Tomar,Santarém,Não
74245,Granny's Flat,1528653754000,1528675200000,Apartamento,4,1ª Rua do Conde de Ferreira 5 Anexo  ,2300-557,Tomar,"39,6009426939319 ; -8,4116652892399",União das freguesias de Tomar (São João Baptista) e Santa Maria dos Olivais,Tomar,Santarém,Não
76612,Templar's Home,1530631683000,1530748800000,EstabelecimentoHospedagem,6,1ª Rua Rua do Teatro 10 n/a n/a,2300-573,Lisboa,"39,602434201915 ; -8,41496749893439",União das freguesias de Tomar (São João Baptista) e Santa Maria dos Olivais,Tomar,Santarém,Não
76716,37 CASINHA,1530705100000,1530662400000,Moradia,4,Travessa Travessa Quental 37  ,2300-600,Tomar,"39,6020745027303 ; -8,4153530486281",União das freguesias de Tomar (São João Baptista) e Santa Maria dos Olivais,Tomar,Santarém,Não
76722,Villa Nova Nautic & Nature Hostel,1530702717000,1530921600000,EstabelecimentoHospedagemHostel,50,Rua  Cadavias - Serra de Tomar 430  ,2300-262,Vila Nova,"39,5757463803087 ; -8,2659630017551",Serra,Tomar,Santarém,Sim
79021,Casa da Zu,1532599539000,1533081600000,Moradia,8,Rua  Gaios - Madalena 20  ,2305-422,Gaios,"39,5884244417817 ; -8,47261895234311",União das freguesias de Madalena e Beselga,Tomar,Santarém,Não
80004,LodgeResidence - By Vila Palmeira,1533560377000,1533513600000,Apartamento,6,Azinhaga Azinhaga Bacelos 2-B 1.º ,2300-439,Tomar,"39,6097530011281 ; -8,40500899992073",União das freguesias de Tomar (São João Baptista) e Santa Maria dos Olivais,Tomar,Santarém,Não
80816,Floresta,1534497702000,1538352000000,Quartos,4,Estrada Estrada Indústrias 1018  ,2240-426,Lameiras,"39,6319236114957 ; -8,2653625147017",Olalhas,Tomar,Santarém,Não
80843,Casa da Albufeira,1534504398000,1535760000000,Moradia,9,Rua Rua Principal   ,2300-259,Vale do Vime,"39,5791373016809 ; -8,40987398127305",União das freguesias de Tomar (São João Baptista) e Santa Maria dos Olivais,Tomar,Santarém,Não
80848,Casa do Alambique,1534508622000,1535155200000,EstabelecimentoHospedagem,3,Avenida Avenida Dom João I 197  ,2300-338,Carvalhos de Figueiredo,"39,5782092647801 ; -8,39602956373029",União das freguesias de Tomar (São João Baptista) e Santa Maria dos Olivais,Tomar,Santarém,Sim
81298,TEMPLAR SECRETS HOUSE,1535036764000,1535760000000,Apartamento,9,Casal dos Aromas LT 14 R/C G,2300-308,Alto do Piolhinho,"39,5923646273181 ; -8,41706089643793",União das freguesias de Tomar (São João Baptista) e Santa Maria dos Olivais,Tomar,Santarém,Não
82059,Casa da Quinta das Olas,1536065931000,1536019200000,Moradia,6,Rua Rua Principal 2  ,2305-322,Olas,"39,6854467953005 ; -8,40654216349372",União das freguesias de Além da Ribeira e Pedreira,Tomar,Santarém,Não
82124,Andreia Godinho de Andrade,1536137725000,1536278400000,EstabelecimentoHospedagem,5,Rua Rua João Santos Simões 74 6º Esq.,2300-501,Tomar,"39,6051727063511 ; -8,40798789432689",União das freguesias de Tomar (São João Baptista) e Santa Maria dos Olivais,Tomar,Santarém,Não
82447,Casas São Gião,1536538394000,1536710400000,Apartamento,4,Rua de São Gião 4  ,2300-567,Tomar,"39,6010974979894 ; -8,41096651259708",União das freguesias de Tomar (São João Baptista) e Santa Maria dos Olivais,Tomar,Santarém,Sim
82453,Casas São Gião,1536161964000,1536710400000,Apartamento,4,Rua de São Gião 2  ,2300-567,Tomar,"39,6010614977173 ; -8,4109575119476",União das freguesias de Tomar (São João Baptista) e Santa Maria dos Olivais,Tomar,Santarém,Não
82721,Casa da Lameira,1536863846000,1538352000000,Moradia,10,1ª Rua Capela 40  ,2630-236,Levegada,"39,5746715298132 ; -8,29928737023752",Serra,Tomar,Santarém,Não
85074,Casa das Rolas,1539274319000,1541030400000,Moradia,6,Rua  Lameirinhas nº 25 - Carregueiros 25  ,2305-229,Pinhal de Frades,"39,6200220008158 ; -8,43598250007665",Carregueiros,Tomar,Santarém,Não
89094,Casa das Marias ,1543546887000,1544832000000,Apartamento,4,Rua Rua Pedro Dias 43 1º Esqº,,Tomar,"39,602719960574 ; -8,41304660681494",União das freguesias de Tomar (São João Baptista) e Santa Maria dos Olivais,Tomar,Santarém,Não
90683,Casa da Mó,1548157809000,1545264000000,Moradia,7,1ª Rua  Casa da Mó 50  ,2300-213,Alqueidãozinho,"39,5870100012728 ; -8,2770875004604",Serra,Tomar,Santarém,Não
93262,Casa da Laranjeira,1553306558000,1546300800000,Moradia,4,Rua Rua Bacelos   ,2300-470,Tomar,"39,6111722372474 ; -8,40605080006519",União das freguesias de Tomar (São João Baptista) e Santa Maria dos Olivais,Tomar,Santarém,Não
94473,CO PROJECT,1555117404000,1557878400000,EstabelecimentoHospedagem,10,Rua Rua Lagar de Azeite 15  ,2300-234,Figueira Redonda,"39,592894871348 ; -8,2715219054723",Serra,Tomar,Santarém,Não
95033,Casita Rosa,1556067645000,1556668800000,Moradia,7,1ª Rua Rua Principal 18  ,2300-232,Espinheiro,"39,5910104046969 ; -8,41629229725415",União das freguesias de Tomar (São João Baptista) e Santa Maria dos Olivais,Tomar,Santarém,Não
95418,Albergue do Infante,1556586116000,1556150400000,Moradia,4,Rua Rua Pé da Costa de Baixo 3  ,2300-588,Tomar,"39,6018289284787 ; -8,41571556251539",União das freguesias de Tomar (São João Baptista) e Santa Maria dos Olivais,Tomar,Santarém,Não
95641,Barracão da Anunciada,1556842294000,1556668800000,Moradia,8,Quinta  Quinta da Anunciada Velha   ,2305-432,Quinta da Anunciada,"39,5951459828182 ; -8,44524299368124",União das freguesias de Madalena e Beselga,Tomar,Santarém,Não
95753,Casa da Fonte,1557187979000,1556668800000,Moradia,6,Estrada  Estrada Nacional 238 14  ,2305-072,Portela de Nexebra,"39,6894531708873 ; -8,33909053987036",União das freguesias de Casais e Alviobeira,Tomar,Santarém,Não
96265,CASA AMARELA,1557965476000,1554854400000,Moradia,4,Rua  RUA PERO CALVO 29  ,2300-180,Pêro Calvo,"39,5809718581665 ; -8,34613726688295",São Pedro de Tomar,Tomar,Santarém,Não
96986,CASA JONE Olival,1559062807000,1559260800000,Moradia,8,Rua Rua Porto Carro   ,2300-035,Poço Redondo,"39,6281070629188 ; -8,31626742223487",Junceira,Tomar,Santarém,Não
97972,Herdade dos Templários,1560384652000,1561161600000,Moradia,9,Arruamento  Casal Silvestre   ,2300-608,Valdonas,"39,5992140007922 ; -8,3730635002047",União das freguesias de Tomar (São João Baptista) e Santa Maria dos Olivais,Tomar,Santarém,Não
98373,Casa do Lago,1560989425000,1560556800000,Moradia,6,"Rua Vale do Vime, Serra - Tomar 3  ",2300-259,Vale do Vime,"39,5733717104212 ; -8,28575374971621",Serra,Tomar,Santarém,Não
99092,Lameira da Longra,1562026324000,1560470400000,EstabelecimentoHospedagem,10,Rua Rua Santo António 85  ,2305-173,Longra,"39,6175903237009 ; -8,47477923812514",União das freguesias de Madalena e Beselga,Tomar,Santarém,Sim
99185,RioTempo,1562112692000,1560988800000,Moradia,6,Rua da Comarca   ,2300-251,Serra,"39,6020580013647 ; -8,30648149997601",Serra,Tomar,Santarém,Sim
99737,O Paço- Vintage Suites,1562717482000,1761955200000,EstabelecimentoHospedagem,17,Rua Rua Voluntários da República 166  ,2300-489,Tomar,"39,6050536112548 ; -8,40919401521879",União das freguesias de Tomar (São João Baptista) e Santa Maria dos Olivais,Tomar,Santarém,Sim
99792,Bairro das Flores 1,1562803847000,1561939200000,Apartamento,4,Rua Rua Sacadura Cabral 1 R/c ,2300-591,Tomar,"39,6050969349106 ; -8,41415318845466",União das freguesias de Tomar (São João Baptista) e Santa Maria dos Olivais,Tomar,Santarém,Não
99793,Bairro das Flores 2,1562803848000,1561939200000,Apartamento,4,Travessa Travessa Gil Avô 5  ,2300-605,Tomar,"39,6050087264299 ; -8,41407889380507",União das freguesias de Tomar (São João Baptista) e Santa Maria dos Olivais,Tomar,Santarém,Não
99794,Bairro das Flores 3,1562803849000,1561939200000,Apartamento,4,Travessa Travessa Gil Avô 7 R/c ,2300-605,Tomar,"39,6049727265701 ; -8,41406089401732",União das freguesias de Tomar (São João Baptista) e Santa Maria dos Olivais,Tomar,Santarém,Não
101293,Casa da Avó Gracinda,1564791243000,1563494400000,Moradia,6,Rua Rua Amendoeiras 29 C  ,2300-334,Carvalheiros,"39,6163806717936 ; -8,38390240706924",União das freguesias de Tomar (São João Baptista) e Santa Maria dos Olivais,Tomar,Santarém,Não
102138,Retiro dos Aztecas,1566346245000,1566259200000,EstabelecimentoHospedagem,10,Rua Rua Capela 23  ,2305-632,Vale Meão,"39,7030497607633 ; -8,46526682055188",Sabacheira,Tomar,Santarém,Não
103332,Pé do Castelo - Casinha,1569024633000,1568505600000,Quartos,2,Rua Rua Pé da Costa de Cima 15  ,2300-360,Tomar,"39,6030963048164 ; -8,41584246893223",União das freguesias de Tomar (São João Baptista) e Santa Maria dos Olivais,Tomar,Santarém,Não
104709,Casa do Vale,1573603841000,1574035200000,Moradia,8,1ª Rua Rua Principal 595  ,2300-257,Vale das Vacas,"39,5878243610994 ; -8,41811769406088",União das freguesias de Tomar (São João Baptista) e Santa Maria dos Olivais,Tomar,Santarém,Não
104841,"Alojamento ""Rio Nabão""",1573776667000,1573603200000,Apartamento,6,Avenida Avenida General Norton de Matos 40 4º Dto,2300-438,Tomar,"39,6034620011379 ; -8,4092120004288",União das freguesias de Tomar (São João Baptista) e Santa Maria dos Olivais,Tomar,Santarém,Não
105002,Varandas do Nabão,1574122271000,1573776000000,Apartamento,4,Rua Rua Moinhos 1B 2º ,2300-575,Tomar,"39,6027015938752 ; -8,41222447956405",União das freguesias de Tomar (São João Baptista) e Santa Maria dos Olivais,Tomar,Santarém,Não
105308,Take Time,1574381495000,1575158400000,EstabelecimentoHospedagemHostel,12,Avenida Avenida Dom Nuno Álvares Pereira 71 a 75  ,2300-532,Tomar,"39,5979787177789 ; -8,40985249627751",União das freguesias de Tomar (São João Baptista) e Santa Maria dos Olivais,Tomar,Santarém,Não
106165,Infantaria 15,1576973406000,1617235200000,Apartamento,4,Rua Rua Infantaria 15   ,2300-585,Tomar,"39,6014501335883 ; -8,41445576391324",União das freguesias de Tomar (São João Baptista) e Santa Maria dos Olivais,Tomar,Santarém,Não
106166,Emanuel Lopes Silva,1576973407000,1617235200000,Apartamento,4,Rua Rua Infantaria 15 24 1 ,2300-585,Tomar,"39,6021654491994 ; -8,41463602864953",União das freguesias de Tomar (São João Baptista) e Santa Maria dos Olivais,Tomar,Santarém,Não
106210,Casa do Castelo,1577232640000,1575936000000,Moradia,2,Rua Rua Doutor Joaquim Jacinto 90  ,2300-577,Tomar,"39,60325595748 ; -8,41410564708399",União das freguesias de Tomar (São João Baptista) e Santa Maria dos Olivais,Tomar,Santarém,Sim
106211,Casa Flor do Camarão,1577232641000,1576454400000,Moradia,6,Rua Rua Camarão 36  ,2300-560,Tomar,"39,6052353185503 ; -8,41526446774333",União das freguesias de Tomar (São João Baptista) e Santa Maria dos Olivais,Tomar,Santarém,Não
107087,Quinta Vida Doce,1580518865000,1669852800000,Moradia,5,Rua Rua São José 24  ,2300-180,Pêro Calvo,"39,6175894587349 ; -8,39006161840652",União das freguesias de Tomar (São João Baptista) e Santa Maria dos Olivais,Tomar,Santarém,Não
109916,Vista do Vale,1591160426000,1590969600000,Quartos,10,Rua Rua Central do Alto do Piolhinho 644  ,2300-308,Tomar,"39,5932820182274 ; -8,41042564644738",União das freguesias de Tomar (São João Baptista) e Santa Maria dos Olivais,Tomar,Santarém,Não
111276,Quinta das Laranjeiras,1595380240000,1595030400000,Quartos,6,Rua Rua Principal 26  ,2300-184,Quinta do Falcão,"39,541290581135 ; -8,36538648155662",São Pedro de Tomar,Tomar,Santarém,Não
111411,"Castle, terrace & relax",1595639470000,1595376000000,Apartamento,4,Rua Rua Sacadura Cabral 30 2 esq,2300-591,Tomar,"39,604910007209 ; -8,41512996110789",União das freguesias de Tomar (São João Baptista) e Santa Maria dos Olivais,Tomar,Santarém,Não
111412,LA BERGERIE,1595639471000,1594425600000,Moradia,6,Rua Rua Traviscais 8 R/C ,2305-177,São Silvestre,"39,5946023200575 ; -8,48207605328647",União das freguesias de Madalena e Beselga,Tomar,Santarém,Não
111525,Quinta da Alba,1596158542000,1596240000000,Moradia,10,Rua  TULHAS 6  ,2300-262,Vila Nova,"39,5908088331257 ; -8,34996268161901",Junceira,Tomar,Santarém,Não
112653,Casa da Mó,1601380962000,1604102400000,Moradia,7,1ª Rua  Alqueidãozinho 50  ,2300-251,Serra,"39,6020620047878 ; -8,30648096622432",Serra,Tomar,Santarém,Não
112681,Quinta DA SILVA,1601687560000,1601251200000,Moradia,6,Estrada Nacional Estrada Nacional 113   ,2305-631,Vale dos Ovos,"39,6546495622476 ; -8,49310680693255",Sabacheira,Tomar,Santarém,Não
112683,Wake Villa - Guesthouse,1601992204000,1601510400000,Moradia,10,Estrada  Vale da Menina S/N  ,2300-256,Vale da Menina,"39,5744030645399 ; -8,28051221852723",Serra,Tomar,Santarém,Não
114320,Quinta de S. Pedro de Tomar,1613092252000,1631664000000,EstabelecimentoHospedagem,10,Rua Rua Igreja   ,2300-192,Vermoeiros,"39,5670036883312 ; -8,3650996388933",São Pedro de Tomar,Tomar,Santarém,Não
114368,Quinta do Ventozel,1613520638000,1612224000000,Moradia,10,Rua Rua Ventozel 7  ,2300-261,Ventozel,"39,6112699860907 ; -8,28483000835946",Serra,Tomar,Santarém,Não
114437,Casa da Aldeia,1613779853000,1615161600000,Moradia,6,Rua Rua Igreja 2  ,2305-511,Curvaceiras,"39,6788300120105 ; -8,41160998126967",União das freguesias de Além da Ribeira e Pedreira,Tomar,Santarém,Não
114514,Rua S.Jose - Bairrada -Tomar,1614298235000,1613001600000,Moradia,9,Rua Rua São José 8  ,2300-153,Bairrada,"39,573079981417 ; -8,36095001035937",São Pedro de Tomar,Tomar,Santarém,Não
114762,Monte do Valinho,1615507826000,1619827200000,Moradia,10,Rua Rua Bica 6  ,2300-152,Alverangel,"39,557133481326 ; -8,31971408216337",São Pedro de Tomar,Tomar,Santarém,Não
116578,Casal das Abelhas,1622247222000,1622505600000,Moradia,5,Rua Rua Principal 25  ,2300-262,Vila Nova,39.55608 ; -8.36795,São Pedro de Tomar,Tomar,Santarém,Não
116739,D'El Rey Guest House,1622679059000,1622505600000,EstabelecimentoHospedagem,2,Casal  Casal do Láparo 40  ,2300-376,Casal do Láparo,39.60592 ; -8.41914,União das freguesias de Tomar (São João Baptista) e Santa Maria dos Olivais,Tomar,Santarém,Sim
117389,Casa da Ribeira,1624061524000,1624320000000,Moradia,6,Rua Rua Doutor Manuel Rosa Rodrigues 11  ,2300-391,Covas de Valdonas,39.58887 ; -8.36528,União das freguesias de Tomar (São João Baptista) e Santa Maria dos Olivais,Tomar,Santarém,Não
117537,"Murtinhal, Casalinho",1624493509000,1623196800000,Moradia,8,Rua Murtinhal - Casalinho   ,2300-251,Serra,39.599905 ; -8.30267,Serra,Tomar,Santarém,Não
117602,Tomarhousing - City Centre,1624666299000,1625097600000,Apartamento,10,Rua Rua São João 92  ,2300-568,Tomar,39.60377 ; -8.41367,União das freguesias de Tomar (São João Baptista) e Santa Maria dos Olivais,Tomar,Santarém,Não
117747,Cerradas - Coito,1625098249000,1625097600000,Moradia,8,Rua Rua Cerradas 110  ,2300-168,Coito,39.58287 ; -8.377435,São Pedro de Tomar,Tomar,Santarém,Não
118127,Casa dos terranhos,1626135045000,1626307200000,Moradia,4,2ª Azinhaga  Azinhaga do Rio   ,2305-554,Pedreira,39.64004 ; -8.40864,União das freguesias de Além da Ribeira e Pedreira,Tomar,Santarém,Não
118154,ARCOS 61,1626135308000,1624924800000,Apartamento,4,Rua Rua Arcos 61 1º DTO.,2300-574,Tomar,39.60158 ; -8.4138,União das freguesias de Tomar (São João Baptista) e Santa Maria dos Olivais,Tomar,Santarém,Não
118155,ARCOS 61,1626135309000,1624924800000,Apartamento,4,Rua Rua Arcos 61 1º FTE,2300-574,Tomar,39.60158 ; -8.4138,União das freguesias de Tomar (São João Baptista) e Santa Maria dos Olivais,Tomar,Santarém,Não
118156,ARCOS 61,1626135311000,1624924800000,Apartamento,4,Rua Rua Arcos 61 1º FTE,2300-574,Tomar,39.60158 ; -8.4138,União das freguesias de Tomar (São João Baptista) e Santa Maria dos Olivais,Tomar,Santarém,Não
118157,ARCOS 61,1626135312000,1624924800000,Apartamento,4,Rua Rua Arcos 61 1º ESQ,2300-574,Tomar,39.60158 ; -8.4138,União das freguesias de Tomar (São João Baptista) e Santa Maria dos Olivais,Tomar,Santarém,Não
118299,THAT'S IT,1626480635000,1625270400000,Moradia,6,Rua Rua Principal   ,2300-088,Olalhas,39.5791481 ; -8.4098741,União das freguesias de Tomar (São João Baptista) e Santa Maria dos Olivais,Tomar,Santarém,Não
118452,Templar Spot,1626912623000,1627171200000,Apartamento,5,Rua Rua Serpa Pinto 52 3 Esq,2300-592,Tomar,39.60435 ; -8.41284,União das freguesias de Tomar (São João Baptista) e Santa Maria dos Olivais,Tomar,Santarém,Não
118565,Artistic Guesthouse,1627085581000,1626652800000,EstabelecimentoHospedagem,9,Avenida Avenida Doutor Cândido Madureira 23 1º ,2300-531,Tomar,39.60224 ; -8.41262,União das freguesias de Tomar (São João Baptista) e Santa Maria dos Olivais,Tomar,Santarém,Não
118620,Alto do Rio - Vale da Lage,1627431025000,1627862400000,Moradia,8,Rua Alto do Rio - Vale da Lage - Albufeira de Castelo do Bode - Serra   ,2300-255,Vale da Lage,39.5512025 ; -8.3050323,São Pedro de Tomar,Tomar,Santarém,Não
119460,Cantinho dos Rizos,1630541451000,1631232000000,Moradia,12,Rua Rua Almoínhas 4  ,2300-035,Poço Redondo,39.62616 ; -8.32201,Junceira,Tomar,Santarém,Não
119513,Fazenda do Marante,1630627792000,1630627200000,Moradia,2,Rua Rua Associação 79  ,2305-418,Charneca do Maxial,39.651655 ; -8.3840972,União das freguesias de Casais e Alviobeira,Tomar,Santarém,Não
119813,Jovalo Gestão Imobiliária Lda,1631750976000,1633046400000,Apartamento,4,Rua Rua Pedro Dias 41 R/C ,2300-589,Tomar,39.60273 ; -8.41302,União das freguesias de Tomar (São João Baptista) e Santa Maria dos Olivais,Tomar,Santarém,Não
120331,FAMILYHOUSE,1633651801000,1635724800000,EstabelecimentoHospedagem,10,Rua Rua Serpa Pinto 63 1º ,2300-592,Tomar,39.60417 ; -8.41312,União das freguesias de Tomar (São João Baptista) e Santa Maria dos Olivais,Tomar,Santarém,Não
121005,O Templário Sonolento,1636762251000,1641168000000,Moradia,6,Rua Rua Pé da Costa de Baixo 17  ,2300-588,Tomar,39.60287 ; -8.41563,União das freguesias de Tomar (São João Baptista) e Santa Maria dos Olivais,Tomar,Santarém,Não
122937,SÃO GIÃO,1644019812000,1612137600000,Moradia,8,Rua Rua São Gião 10 e 10 A  ,2300-567,Tomar,39.6012 ; -8.41098,União das freguesias de Tomar (São João Baptista) e Santa Maria dos Olivais,Tomar,Santarém,Não
123767,Tomar Old Town House,1646093415000,1645401600000,Moradia,8,Rua Rua Teatro 26  ,2300-573,Tomar,39.6024 ; -8.4152,União das freguesias de Tomar (São João Baptista) e Santa Maria dos Olivais,Tomar,Santarém,Não
123968,Love Tomar,1646439028000,1646092800000,Moradia,6,Rua Rua Doutor Sousa 17  ,2300-579,Tomar,39.60541 ; -8.41549,União das freguesias de Tomar (São João Baptista) e Santa Maria dos Olivais,Tomar,Santarém,Não
123984,Ti Voglio Bene Confort,1646666407000,1651276800000,Moradia,16,Estrada Nacional  EN 110 86  ,2305-067,Cêras,39.690455 ; -8.3599,União das freguesias de Casais e Alviobeira,Tomar,Santarém,Não
125066,Casa Portu-Breizh,1648858219000,1649289600000,Quartos,6,Rua  Granja das Fontes 138  ,2305-228,Granja das Fontes,39.6162392 ; -8.4525173,Carregueiros,Tomar,Santarém,Não
125123,Casa da Torre,1649117418000,1648771200000,Moradia,4,Rua Rua Torre de Cima 1  ,2300-188,Pinheiro,39.5789002 ; -8.3257918,São Pedro de Tomar,Tomar,Santarém,Não
129046,Casalinho,1656375022000,1654992000000,Moradia,8,Rua Rua Casalinho 4  ,2305-170,Fonte da Longra,39.61352 ; -8.47185,União das freguesias de Madalena e Beselga,Tomar,Santarém,Não
129140,Casa de Nexebra Velha,1656461432000,1656633600000,Moradia,6,1ª Rua  Rua Nexebra Velha nº 33 33  ,2305-072,Portela de Nexebra,39.685435 ; -8.338985,União das freguesias de Casais e Alviobeira,Tomar,Santarém,Não
129394,Seven Hills Apartments,1656979821000,1664582400000,Apartamento,8,Rua Rua Dona Aurora de Macedo 34 R/C ,2300-556,Tomar,39.60284 ; -8.41436,União das freguesias de Tomar (São João Baptista) e Santa Maria dos Olivais,Tomar,Santarém,Não
130810,GîTe Manubelle,1659571814000,1658275200000,Moradia,6,Rua Rua Doutor Luís de Brito Guimarães 11  ,2305-554,Pedreira,39.63856 ; -8.40556,União das freguesias de Além da Ribeira e Pedreira,Tomar,Santarém,Não
130983,Casa do Prado,1659744618000,1658448000000,Moradia,8,Estrada Estrada Prado 38  ,2300-312,Arrascada,39.6159928 ; -8.4104656,União das freguesias de Além da Ribeira e Pedreira,Tomar,Santarém,Não
132407,FAMILYHOUSECUP,1663373431000,1662681600000,Moradia,7,Estrada Nacional  EN110   ,2305-334,Valgamito,39.649982 ; -8.3704717,União das freguesias de Casais e Alviobeira,Tomar,Santarém,Não
132665,A Casa da Lua,1664323839000,1664582400000,Moradia,4,Estrada Estrada Serra 39  ,2300-013,Carril,39.59356 ; -8.34739,Junceira,Tomar,Santarém,Não
132903,ALOJAMENTO MARYLETE CRUZ,1665187816000,1664755200000,Quartos,14,Rua Rua Dona Aurora de Macedo 44 A 48  ,2300-556,Tomar,39.60281 ; -8.41449,União das freguesias de Tomar (São João Baptista) e Santa Maria dos Olivais,Tomar,Santarém,Não
134262,TAKE TOMAR,1667866230000,1667260800000,Apartamento,9,Rua Rua São João 73 1.º ,2300-568,Tomar,39.60377 ; -8.41327,União das freguesias de Tomar (São João Baptista) e Santa Maria dos Olivais,Tomar,Santarém,Não
134265,TAKE TOMAR,1667866232000,1667260800000,Moradia,4,Rua Rua Associação 76  ,2305-309,Casais,39.6517 ; -8.38615,União das freguesias de Casais e Alviobeira,Tomar,Santarém,Não
134448,A Quintinha,1668471019000,1668384000000,Moradia,8,Rua Escola 3  ,2300-317,Cabeças,39.57545 ; -8.41464,União das freguesias de Tomar (São João Baptista) e Santa Maria dos Olivais,Tomar,Santarém,Não
134500,Casa Machuca,1668643814000,1668729600000,Moradia,8,Rua Machuca 13  ,2300-400,Cabeças,39.582 ; -8.4117,União das freguesias de Tomar (São João Baptista) e Santa Maria dos Olivais,Tomar,Santarém,Não
134763,Vale do Espinheiro,1669680613000,1669852800000,Moradia,6,Estrada Estrada Espinheiro 18 A  ,2300-232,Espinheiro,39.60315 ; -8.41201,União das freguesias de Tomar (São João Baptista) e Santa Maria dos Olivais,Tomar,Santarém,Não
135533,Jovalo Gestão Imobiliária Lda,1672704619000,1672358400000,Apartamento,2,Rua Voluntários da República 150 2 A,2300-489,Tomar,39.60526 ; -8.40925,União das freguesias de Tomar (São João Baptista) e Santa Maria dos Olivais,Tomar,Santarém,Não
135535,Jovalo Gestão Imobiliária Lda,1672704620000,1672272000000,Apartamento,2,Rua Doutor Joaquim Jacinto 42 rc A,2300-577,Tomar,39.60353 ; -8.41291,União das freguesias de Tomar (São João Baptista) e Santa Maria dos Olivais,Tomar,Santarém,Não
136848,THOMAR HOUSE,1676074225000,1675036800000,EstabelecimentoHospedagem,8,Avenida Combatentes da Grande Guerra S/N  ,2300-533,Tomar,39.5998007 ; -8.4124053,União das freguesias de Tomar (São João Baptista) e Santa Maria dos Olivais,Tomar,Santarém,Não
137165,Casa Yvonne,1676679027000,1675382400000,Moradia,12,Rua Principal da Quinta do Filipe 12  ,2300-250,Quinta do Filipe,39.5938907 ; -8.2904388,Serra,Tomar,Santarém,Não
137356,Casa dos Monstros,1677197412000,1676419200000,Moradia,7,Casal Pedro   ,2300-187,São Pedro,39.5636576 ; -8.3651546,São Pedro de Tomar,Tomar,Santarém,Não
138271,Estúdio 81,1678147572000,1679616000000,Quartos,3,Rua Doutor Joaquim Jacinto 81  ,2300-577,Tomar,39.60317 ; -8.41416,União das freguesias de Tomar (São João Baptista) e Santa Maria dos Olivais,Tomar,Santarém,Não
138893,CANTINHO DA ALDEIA,1678493287000,1679097600000,Moradia,4,Rua Igreja 1 R/C ,2305-511,Curvaceiras,39.53575 ; -8.44136,Paialvo,Tomar,Santarém,Não
139174,Casarão do Largo da Eira,1678839107000,1678665600000,Moradia,6,Rua Major Piloto Aviador António da Silva Cardoso 81  ,2305-554,Pedreira,39.62911 ; -8.409395,União das freguesias de Além da Ribeira e Pedreira,Tomar,Santarém,Não
139341,AL Calvinosnatura,1678925160000,1680307200000,Moradia,6,Rua Rua da Capela 29  ,2305-308,Calvinos,39.67474 ; -8.37688,União das freguesias de Casais e Alviobeira,Tomar,Santarém,Não
139550,Tomar - Cândido Madureira,1679011523000,1680393600000,Apartamento,2,Avenida Doutor Cândido Madureira 52 2º Esquerdo,2300-531,Tomar,39.60243 ; -8.4128,União das freguesias de Tomar (São João Baptista) e Santa Maria dos Olivais,Tomar,Santarém,Não
139986,LARGO DA PENA,1679356894000,1680480000000,EstabelecimentoHospedagem,10,Largo da Pena 153  ,2305-554,Pedreira,39.64185 ; -8.41016,União das freguesias de Além da Ribeira e Pedreira,Tomar,Santarém,Não
140359,Casa do Avô Lopes,1679529978000,1681084800000,Moradia,4,Bairro Senhora Anjos 17  ,2300-429,Tomar,39.5983849 ; -8.419905,União das freguesias de Tomar (São João Baptista) e Santa Maria dos Olivais,Tomar,Santarém,Não
140362,VILA POMBAL BOUTIQUE GUEST HOUSE & EVENTS,1679529981000,1684108800000,Apartamento,20,Rua Bela Vista- Alto do Piolhinho - Vila Pombal 1  ,2300-308,Tomar,39.59235 ; -8.41191,União das freguesias de Tomar (São João Baptista) e Santa Maria dos Olivais,Tomar,Santarém,Não
141206,Refúgio do Carrascal,1680057851000,1681516800000,Quartos,4,Rua Carrascal 45-C  ,2300-331,Carrascal,39.62559 ; -8.39032,União das freguesias de Tomar (São João Baptista) e Santa Maria dos Olivais,Tomar,Santarém,Não
141463,Casinha São Gião,1680191864000,1680220800000,Moradia,2,Rua São Gião 2  ,2300-567,Tomar,39.60107 ; -8.41094,União das freguesias de Tomar (São João Baptista) e Santa Maria dos Olivais,Tomar,Santarém,Não
141467,VILA MONTES,1680191867000,1719792000000,Moradia,10,Estrada Montes   ,2300-087,Montes,39.639175 ; -8.26844,Olalhas,Tomar,Santarém,Não
142427,"ASPAS DIDÁTICAS UNIPESSOAL, LDA",1680951995000,1680307200000,Moradia,4,Rua Conde   ,2305-203,Brasões,39.6161864 ; -8.4496975,Carregueiros,Tomar,Santarém,Não
142730,Flattered to be in Tomar,1681258838000,1677628800000,Apartamento,8,Rua Santa Iria 35 2º ESQ.,2300-475,Tomar,39.60367 ; -8.40954,União das freguesias de Tomar (São João Baptista) e Santa Maria dos Olivais,Tomar,Santarém,Não
142732,Flattered to be in Tomar,1681258839000,1677628800000,Apartamento,8,Rua Santa Iria 35 2º DRT.,2300-475,Tomar,39.60367 ; -8.40954,União das freguesias de Tomar (São João Baptista) e Santa Maria dos Olivais,Tomar,Santarém,Não
142738,Flattered to be in Tomar,1681258844000,1677628800000,Apartamento,8,Rua Santa Iria 35 3º  ESQ.,2300-475,Tomar,39.60367 ; -8.40954,União das freguesias de Tomar (São João Baptista) e Santa Maria dos Olivais,Tomar,Santarém,Não
142741,Flattered to be in Tomar,1681258846000,1677628800000,Apartamento,8,Rua Santa Iria 35 3º DRT.,2300-475,Tomar,39.60367 ; -8.40954,União das freguesias de Tomar (São João Baptista) e Santa Maria dos Olivais,Tomar,Santarém,Não
142746,Flattered to be in Tomar,1681258851000,1677628800000,EstabelecimentoHospedagem,8,Rua Santa Iria 21 1º ESQ.,2300-475,Tomar,39.60402 ; -8.40987,União das freguesias de Tomar (São João Baptista) e Santa Maria dos Olivais,Tomar,Santarém,Não
142750,Flattered to be in Tomar,1681258855000,1677628800000,EstabelecimentoHospedagem,8,Rua Santa Iria 21 2º ESQ.,2300-475,Tomar,39.60402 ; -8.40987,União das freguesias de Tomar (São João Baptista) e Santa Maria dos Olivais,Tomar,Santarém,Não
143406,Varandas do Nabão 1 ,1681841286000,1681084800000,Apartamento,4,Rua Moinhos 1 B 1º Andar ,2300-575,Tomar,39.6027 ; -8.41223,União das freguesias de Tomar (São João Baptista) e Santa Maria dos Olivais,Tomar,Santarém,Não
143461,Jovalo Gestão Imobiliária Lda,1681863091000,1681084800000,Apartamento,4,Rua Pedro Dias 37  ,2300-589,Tomar,39.60274 ; -8.41296,União das freguesias de Tomar (São João Baptista) e Santa Maria dos Olivais,Tomar,Santarém,Não
143464,RUA DOS MOINHO - JP,1681863092000,1684108800000,EstabelecimentoHospedagem,6,Rua Moinhos 15 1.º ,2300-575,Tomar,39.60285 ; -8.41235,União das freguesias de Tomar (São João Baptista) e Santa Maria dos Olivais,Tomar,Santarém,Não
143470,Jovalo Gestão Imobiliária Lda,1681863094000,1681084800000,Apartamento,6,Rua Pedro Dias 39 1 ,2300-589,Tomar,39.60273 ; -8.413,União das freguesias de Tomar (São João Baptista) e Santa Maria dos Olivais,Tomar,Santarém,Não
144676,Escola da Portela - Alojamento e Núcleo Museológico,1683763861000,1681516800000,EstabelecimentoHospedagemHostel,20,Rua Alegria   ,2300-182,Portela,39.5401337 ; -8.3664403,São Pedro de Tomar,Tomar,Santarém,Não
144895,VillaRibeiro1941,1684195903000,1684108800000,Moradia,12,Rua Coreto 36 e 38  ,2300-226,Castelo Novo,39.59095 ; -8.314885,Serra,Tomar,Santarém,Não
145209,Casa do Lago,1684541478000,1690848000000,Moradia,8,Estrada Venda Moradia C  ,2300-260,Venda,39.5703091 ; -8.2916613,Serra,Tomar,Santarém,Não
145290,Refúgio do Bode 17,1684800669000,1687046400000,Moradia,10,Rua Escola Primária 17  ,2300-241,Outeiro do Forno,39.6011751 ; -8.3758672,União das freguesias de Tomar (São João Baptista) e Santa Maria dos Olivais,Tomar,Santarém,Não
145430,Maria,1684984777000,1685059200000,Apartamento,4,Rua Dom Lopo Dias de Sousa Nº2D 1º Esquerdo,2300-483,Tomar,39.607335 ; -8.40203,União das freguesias de Tomar (São João Baptista) e Santa Maria dos Olivais,Tomar,Santarém,Não
145900,St Mary House,1685708228000,1685577600000,Moradia,5,Avenida Dona Maria II 11  ,2300-434,Tomar,39.60212 ; -8.40505,União das freguesias de Tomar (São João Baptista) e Santa Maria dos Olivais,Tomar,Santarém,Não
146543,Casa Santa Maria,1686792605000,1687132800000,Apartamento,6,1ª Rua Aquiles da Mota Lima 1 R/C Esquerdo,2300-455,Tomar,39.59956 ; -8.4067669,União das freguesias de Tomar (São João Baptista) e Santa Maria dos Olivais,Tomar,Santarém,Não
146592,Refúgio da Cigarra,1686874219000,1706659200000,Moradia,15,Rua Casal Novo 1A  ,2300-080,Aboboreira Fundeira,39.628705 ; -8.345385,Olalhas,Tomar,Santarém,Não
147728,Rio coracao,1689120622000,1688860800000,Apartamento,5,Rua Rio Nabão 19 2° C,2300-572,Tomar,39.60154 ; -8.41084,União das freguesias de Tomar (São João Baptista) e Santa Maria dos Olivais,Tomar,Santarém,Não
147746,Retiro dos Cavaleiros,1689120634000,1690848000000,Quartos,14,Largo Igreja 56  ,2300-088,Olalhas,39.5767863 ; -8.4122364,União das freguesias de Tomar (São João Baptista) e Santa Maria dos Olivais,Tomar,Santarém,Não
148106,Casa da Serra,1689725437000,1689379200000,Moradia,6,Rua Principal 41  ,2300-223,Carvalhal,39.589657 ; -8.3057752,Serra,Tomar,Santarém,Não
148850,Castle View,1690848663000,1689552000000,Apartamento,8,Rua Carlos Pereira 11 4 ESQ,2300-459,Tomar,39.60732 ; -8.40434,União das freguesias de Tomar (São João Baptista) e Santa Maria dos Olivais,Tomar,Santarém,Não
148851,Chess House,1690848663000,1689552000000,Moradia,8,Estrada do Prado 24 r/c ,2300-312,Arrascada,39.60949 ; -8.41317,União das freguesias de Tomar (São João Baptista) e Santa Maria dos Olivais,Tomar,Santarém,Não
149327,Casa do Joãozinho,1691453441000,1690848000000,Moradia,6,Rua de Camarão 30/32  ,2300-560,Tomar,39.60524 ; -8.41519,União das freguesias de Tomar (São João Baptista) e Santa Maria dos Olivais,Tomar,Santarém,Não
149899,Casa Rio,1692663011000,1694304000000,Moradia,6,Rua Rua da Bairradinha  486  ,2240-322,Bairradinha,39.645745 ; -8.24587,Olalhas,Tomar,Santarém,Não
150218,Thomar River Home Inside City,1693354214000,1692057600000,Moradia,6,Rua Horta do Barão 2  ,2300-631,Tomar,39.606721 ; -8.409728,União das freguesias de Tomar (São João Baptista) e Santa Maria dos Olivais,Tomar,Santarém,Não
150559,Sunshine Houses,1694045421000,1693785600000,Moradia,16,Rua Casa do Monte  47  ,2300-158,Boca da Mata,39.55387 ; -8.34778,São Pedro de Tomar,Tomar,Santarém,Não
150702,Casa da Levada,1694477413000,1695168000000,Apartamento,2,Rua Everard 97 1º Fração D,2300-561,Tomar,39.60408 ; -8.41178,União das freguesias de Tomar (São João Baptista) e Santa Maria dos Olivais,Tomar,Santarém,Não
150817,JUST RUBY - Kingdom of Stone,1694650221000,1693872000000,Moradia,8,Rua dos Sombreireiros 112  ,2300-102,Montes Olalhas,39.60315 ; -8.41201,União das freguesias de Tomar (São João Baptista) e Santa Maria dos Olivais,Tomar,Santarém,Não
150999,O Cantinho,1695168614000,1694995200000,Apartamento,4,Rua Torres Pinheiro 76-78  ,2300-538,Tomar,39.60127 ; -8.4115,União das freguesias de Tomar (São João Baptista) e Santa Maria dos Olivais,Tomar,Santarém,Não
151363,CASA DE PEDRA,1695946921000,1695513600000,Moradia,12,Rua Casal João DIas 4  ,2305-415,Delongo,39.549265 ; -8.4491774,Paialvo,Tomar,Santarém,Não
152439,Casa Renaissance ,1698417286000,1698019200000,Moradia,7,Zona Portela de Caramouchel 12  ,2300-251,Serra,39.59977 ; -8.30267,Serra,Tomar,Santarém,Não
152448,Casa Yvonne,1698417292000,1697068800000,Moradia,7,Rua Principal 12  ,2300-251,Serra,39.5964273 ; -8.3050343,Serra,Tomar,Santarém,Não
152486,Casa Americo,1698471798000,1697760000000,Moradia,7,Rua Principal 9A  ,2300-251,Serra,39.5900223 ; -8.4168524,União das freguesias de Tomar (São João Baptista) e Santa Maria dos Olivais,Tomar,Santarém,Não
152657,Le Chant des Oliviers ,1699323725000,1699228800000,Moradia,3,Rua Gil Avô 82  ,2300-580,Tomar,39.604655 ; -8.41463,União das freguesias de Tomar (São João Baptista) e Santa Maria dos Olivais,Tomar,Santarém,Não
154171,Casa da Barragem,1706315639000,1716681600000,Moradia,4,Rua do Fundo da Rua 73  ,2240-322,Bairradinha,39.645745 ; -8.24587,Olalhas,Tomar,Santarém,Não
154258,Honeycomb House,1706748933000,1709251200000,Apartamento,6,Rua Dona Aurora de Macedo 14a 1 ,2300-556,Tomar,39.6030822 ; -8.4131096,União das freguesias de Tomar (São João Baptista) e Santa Maria dos Olivais,Tomar,Santarém,Não
154617,Casa São Sebastião,1708129655000,1707955200000,Moradia,10,Rua de São Sebastião 211  ,2305-417,Cem Soldos,39.58524 ; -8.451495,União das freguesias de Madalena e Beselga,Tomar,Santarém,Não
155496,Casa do Lago,1712193420000,1711929600000,Moradia,8,Estrada dos Montes   ,2300-087,Montes,39.6386013;-8.2681867,Olalhas,Tomar,Santarém,Não
155556,Casa da Nogueira,1712362065000,1712016000000,Moradia,8,Estrada Nacional 349-3   ,2305-419,Choupal,39.5893003;-8.4516657,União das freguesias de Madalena e Beselga,Tomar,Santarém,Não
155705,Quinta Vale da Nora,1713230600000,1717200000000,Moradia,10,Rua Principal Vale da Nora 2  ,2300-614,Vale da Nora,39.5893697;-8.4170146,União das freguesias de Tomar (São João Baptista) e Santa Maria dos Olivais,Tomar,Santarém,Não
155732,Casa Azul,1713315530000,1712880000000,Moradia,7,Rua Rua de Santa Cruz - Valdonas 3 B 1º ,2300-313,Tomar,39.6005008;-8.3830583,União das freguesias de Tomar (São João Baptista) e Santa Maria dos Olivais,Tomar,Santarém,Não
155801,Quinta do Remanso,1713571233000,1714003200000,Moradia,6,Rua António João Antunes 29  ,2305-061,Alviobeira,39.679131;-8.3555816,União das freguesias de Casais e Alviobeira,Tomar,Santarém,Não
155986,Casa Amarancho,1714436597000,1725148800000,Moradia,10,Rua de Santo António 119  ,2305-176,Vale do Calvo,39.6171912;-8.4742925,União das freguesias de Madalena e Beselga,Tomar,Santarém,Não
156761,CASA ANJEMA,1717203240000,1720396800000,Apartamento,8,Estrada do Barracão 12  ,2305-329,Soianda,39.603677;-8.4128291,União das freguesias de Tomar (São João Baptista) e Santa Maria dos Olivais,Tomar,Santarém,Não
156945,Rialize,1717814470000,1722470400000,Moradia,4,Rua Principal 21  ,2305-108,Cerejeira,39.6674673;-8.3516461,União das freguesias de Casais e Alviobeira,Tomar,Santarém,Não
157074,Casa da Paredinha,1718326225000,1717804800000,Moradia,7,Rua Principal da Pederneira   ,2300-246,Pederneira,39.5909612;-8.3553179,Junceira,Tomar,Santarém,Não
157209,Cantinho da Charneca,1718755391000,1717372800000,Moradia,4,Rua Principal 38-D  ,2305-418,Charneca do Maxial,39.5602032;-8.4079188,União das freguesias de Madalena e Beselga,Tomar,Santarém,Não
157365,CASA DO PINHAL,1719278173000,1718928000000,Moradia,5,Rua do Valinho   ,2300-072,Carqueijal,39.6385237;-8.3163437,Olalhas,Tomar,Santarém,Não
157367,Casa Lorena,1719278175000,1725148800000,Moradia,10,Rua Principal da Pederneira 26  ,2300-246,Pederneira,39.603677;-8.4128291,União das freguesias de Tomar (São João Baptista) e Santa Maria dos Olivais,Tomar,Santarém,Não
157900,Horto do Amor,1721174628000,1720742400000,Moradia,2,Rua da Escola 46  ,2300-013,Carril,39.5928891;-8.3528552,Junceira,Tomar,Santarém,Não
157945,lake Prestige,1721261203000,1721260800000,Moradia,25,Rua da Capela 45  ,2300-236,Levegada,39.6161631;-8.382338,União das freguesias de Tomar (São João Baptista) e Santa Maria dos Olivais,Tomar,Santarém,Não
158233,Refúgio do Prado,1722470998000,1722470400000,Moradia,4,Rua Casal Cordeiro 10  ,2305-310,Casal Cordeiro,39.6415382;-8.3986294,União das freguesias de Casais e Alviobeira,Tomar,Santarém,Não
158926,Casa Natura,1725926746000,1727049600000,Moradia,8,Rua de Santo António 46  ,2300-236,Levegada,39.5748176;-8.3021044,Serra,Tomar,Santarém,Não
159504,Paraiso Azul 1,1729814427000,1729468800000,EstabelecimentoHospedagem,20,Rua Barca do Loureiro 52  ,2300-262,Vila Nova,39.603677;-8.4128291,União das freguesias de Tomar (São João Baptista) e Santa Maria dos Olivais,Tomar,Santarém,Não
159943,Quinta das Laranjeiras,1731369953000,1730419200000,Moradia,6,Rua do Cruzeiro   ,2305-503,Carrazede,39.5346682 ; -8.4605217,Paialvo,Tomar,Santarém,Não
160719,TemplarDreams,1737113612000,1731283200000,Apartamento,4,Rua de São João 92 1 ,2300-568,Tomar,39.6037823 ; -8.4137264,União das freguesias de Tomar (São João Baptista) e Santa Maria dos Olivais,Tomar,Santarém,Não
160720,TemplarDreams,1737113613000,1731283200000,Apartamento,4,Rua de São João 92 2 ,2300-568,Tomar,39.6037823 ; -8.4137264,União das freguesias de Tomar (São João Baptista) e Santa Maria dos Olivais,Tomar,Santarém,Não
161501,Casa Castilho,1739232993000,1733184000000,Moradia,14,Rua Principal 35  ,2305-321,Ganados,39.656179 ; -8.3434657,União das freguesias de Casais e Alviobeira,Tomar,Santarém,Não
163101,A Casa do Mestre,1743207183000,1740960000000,Moradia,5,Rua dos Moinhos 21  ,2300-575,Tomar,39.6030162 ; -8.4124926,União das freguesias de Tomar (São João Baptista) e Santa Maria dos Olivais,Tomar,Santarém,Não
163920,Casa Soares,1745281035000,1740787200000,Moradia,4,Rua de Camarão 40  ,2300-560,Tomar,39.6052556 ; -8.4153042,União das freguesias de Tomar (São João Baptista) e Santa Maria dos Olivais,Tomar,Santarém,Não
164726,Casa dos Marias,1747181179000,1740787200000,Moradia,8,Estrada Principal Corredoura 84 RC A,2300-063,Alqueidão,39.6305838 ; -8.2772513,Olalhas,Tomar,Santarém,Não
165735,JANELAS DO PASSADO,1749059614000,1746489600000,Apartamento,4,Rua Silva Magalhães 63B 1.º  ,2300-593,Tomar,39.6047163 ; -8.4148363,União das freguesias de Tomar (São João Baptista) e Santa Maria dos Olivais,Tomar,Santarém,Não
166592,Santa Catarina,1750725263000,1743465600000,EstabelecimentoHospedagem,8,Rua de Santa Catarina 29A B  ,2305-512,Delongo,39.5460214 ; -8.4519788,Paialvo,Tomar,Santarém,Não
167039,Quinta da Cachopa,1751561099000,1748390400000,Moradia,8,Rua da Esperança 7  ,2300-174,Fontaínhas,39.5596249 ; -8.3674874,São Pedro de Tomar,Tomar,Santarém,Não
167740,Casa da Barragem,1752798568000,1748736000000,Moradia,10,Rua Barca do Loureiro 54  ,2300-262,Vila Nova,39.603677 ; -8.4128291,União das freguesias de Tomar (São João Baptista) e Santa Maria dos Olivais,Tomar,Santarém,Não
168394,CASA DO VALE,1572220800000,1755993600000,Moradia,8,Estrada do Paço 595  ,2300-257,Vale das Vacas,39.6057091 ; -8.2945485,Serra,Tomar,Santarém,Não
168556,Casa do Sino,1754612956000,1749772800000,Moradia,6,Largo do Rossio 216  ,2305-417,Cem Soldos,39.5861451 ; -8.4528253,União das freguesias de Madalena e Beselga,Tomar,Santarém,Não
170268,Centro Coração,1758845991000,1754006400000,Apartamento,6,Rua Sacadura Cabral 17 2 Dto,2300-591,Tomar,39.6049241 ; -8.4145809,União das freguesias de Tomar (São João Baptista) e Santa Maria dos Olivais,Tomar,Santarém,Não
170934,Celeiro do Conde,1760575799000,1759104000000,Quartos,18,Estrada Nova Casal do Láparo 2  ,2300-376,Tomar,39.6081337 ; -8.4171541,União das freguesias de Tomar (São João Baptista) e Santa Maria dos Olivais,Tomar,Santarém,Não
171151,A Casa Dani,1761219748000,1758153600000,EstabelecimentoHospedagem,10,Rua Granja das Fontes 138  ,2305-228,Brasões,39.6146819 ; -8.4535499,Carregueiros,Tomar,Santarém,Não
171271,Figueira Grande,1761611523000,1772323200000,Apartamento,4,Avenida Aquiles da Mota Lima 58  ,2300-455,Tomar,39.5955704 ; -8.4042313,União das freguesias de Tomar (São João Baptista) e Santa Maria dos Olivais,Tomar,Santarém,Não
171890,Casa Grande,1763512101000,1757894400000,Moradia,8,Rua Padre António Joaquim Nicolau 26  ,2305-426,Marmeleiro,39.5554049 ; -8.4403427,União das freguesias de Madalena e Beselga,Tomar,Santarém,Não
172919,Templar Arch Retreat,1767141948000,1759449600000,Apartamento,4,Rua Doutor Joaquim Jacinto 42 R/C A,2300-577,Tomar,39.603541 ; -8.4129337,União das freguesias de Tomar (São João Baptista) e Santa Maria dos Olivais,Tomar,Santarém,Não
173590,Afluente,1769041455000,1767225600000,Apartamento,6,Rua Casal Cordeiro 7  ,2305-310,Casal Cordeiro,39.6419074 ; -8.3986192,União das freguesias de Casais e Alviobeira,Tomar,Santarém,Não
173677,Rose'mary,1769215197000,1761955200000,Quartos,2,Rua Principal 6  ,2305-312,Olas,39.6621983 ; -8.452756,Sabacheira,Tomar,Santarém,Não
175942,Herdade do Rio,1776300732000,1772409600000,Moradia,8,Rua das Flores 4  ,2300-233,Esteveira,39.6115709 ; -8.3891371,União das freguesias de Tomar (São João Baptista) e Santa Maria dos Olivais,Tomar,Santarém,Não
176443,"Jovalo Gestão Imobiliária, Lda",1777508247000,1770681600000,Apartamento,4,Rua Pedro Dias 45 R/C ,2300-589,Tomar,39.6027245 ; -8.4130794,União das freguesias de Tomar (São João Baptista) e Santa Maria dos Olivais,Tomar,Santarém,Não
176446,"Jovalo Gestão Imobiliária, Lda",1777508248000,1770681600000,Apartamento,4,Rua Pedro Dias 43 1 D,2300-589,Tomar,39.6027314 ; -8.4130458,União das freguesias de Tomar (São João Baptista) e Santa Maria dos Olivais,Tomar,Santarém,Não
177014,Villa Nova Country House,1779236905000,1811808000000,Moradia,12,Rua Doutor Aurélio Ribeiro 23   ,2305-518,Vila Nova,39.5404831 ; -8.4709374,Paialvo,Tomar,Santarém,Não
177190,Lurdes Silva,1779753834000,1772323200000,Apartamento,2,Rua Infantaria 15 21 2º ,2300-583,Tomar,39.6021407 ; -8.4147327,União das freguesias de Tomar (São João Baptista) e Santa Maria dos Olivais,Tomar,Santarém,Não
177266,Vista Castelo Residence,1779841622000,1772928000000,Apartamento,6,Rua de São João 46 1 Esquerdo,2300-568,Tomar,39.6040373 ; -8.4125864,União das freguesias de Tomar (São João Baptista) e Santa Maria dos Olivais,Tomar,Santarém,Não
177267,Segunda Casa,1779841623000,1777507200000,Quartos,4,Rua Marquês Pombal 33 1º ,2300-510,Tomar,39.6045847 ; -8.4096427,União das freguesias de Tomar (São João Baptista) e Santa Maria dos Olivais,Tomar,Santarém,Não
177548,NabaoHouse,1780448028000,1775001600000,Quartos,6,Rua do Rio Nabão 19 1 B,2300-572,Tomar,39.6006734 ; -8.4106285,União das freguesias de Tomar (São João Baptista) e Santa Maria dos Olivais,Tomar,Santarém,Não
177689,Pied-a-Terra Tomar,1780965803000,1773532800000,Moradia,5,Rua de São Gião 34  ,2300-567,Tomar,39.6016091 ; -8.4110513,União das freguesias de Tomar (São João Baptista) e Santa Maria dos Olivais,Tomar,Santarém,Não
178053,Casa do Mau Feitio,1781833544000,1777507200000,Moradia,6,Estrada do Vale do Vime Lote 3  ,2300-259,Vale do Vime,39.5732757 ; -8.2861683,Serra,Tomar,Santarém,Não
178699,"""Refúgio Templário""",1783469692000,1776902400000,Moradia,10,Rua da Capela 15  ,2305-558,São Simão,39.640727 ; -8.439132,União das freguesias de Além da Ribeira e Pedreira,Tomar,Santarém,Não
179100,ACavalheiro,1784247634000,1782864000000,EstabelecimentoHospedagem,10,Rua Tonito Gonçalves 66  ,2300-305,Tomar,39.60263 ; -8.39833,União das freguesias de Tomar (São João Baptista) e Santa Maria dos Olivais,Tomar,Santarém,Não
179190,Casa da Ilha,1784593007000,1782864000000,Moradia,6,Rua da Capela 9004  ,2300-236,Levegada,39.5758025 ; -8.3009714,Serra,Tomar,Santarém,Não
179514,Quinta dos Montes,1785283683000,1334793600000,EstabelecimentoHospedagem,56,Estrada dos Montes 134  ,2300-087,Montes,39.6353718 ; -8.2607664,Olalhas,Tomar,Santarém,Não
180251,Casa Madrinha,1787099156000,1780272000000,Apartamento,4,Rua de São Gião 53-A  ,2300-567,Tomar,39.6021939 ; -8.4113448,União das freguesias de Tomar (São João Baptista) e Santa Maria dos Olivais,Tomar,Santarém,Não
180252,L'Ulivo Guesthouse,1787099159000,1780272000000,Moradia,3,Rua Principal 8  ,2305-108,Cerejeira,39.6689162 ; -8.3522917,União das freguesias de Casais e Alviobeira,Tomar,Santarém,Não
180279,RM Maison Rui & Mi Boutique Luxury Stay,1787184652000,1782864000000,Moradia,9,Avenida Aquiles da Mota Lima 14  ,2300-455,Tomar,39.5991243 ; -8.4068268,União das freguesias de Tomar (São João Baptista) e Santa Maria dos Olivais,Tomar,Santarém,Não
180454,Quinta Templária,1787702920000,1788220800000,Moradia,4,Rua Principal 24B  ,2300-388,Casas de Além,39.6171352 ; -8.3712038,União das freguesias de Tomar (São João Baptista) e Santa Maria dos Olivais,Tomar,Santarém,Não
180621,Casa do Teatro,1788221061000,1782086400000,Moradia,3,Rua do Teatro 34  ,2300-573,Tomar,39.6024094 ; -8.4153393,União das freguesias de Tomar (São João Baptista) e Santa Maria dos Olivais,Tomar,Santarém,Não
181263,Casinha do Azeite,1790122063000,1782864000000,Moradia,2,1ª Rua Principal da Casa Nova 6 A  ,2300-224,Casa Nova,39.6177225 ; -8.3036139,Serra,Tomar,Santarém,Não
181462,Casinha,1790641566000,1788220800000,Moradia,6,Rua Principal 56A  ,2300-262,Vila Nova,39.625755 ; -8.3046702,Olalhas,Tomar,Santarém,Não
