NrRNAL,Denominacao,DataRegisto,DataAberturaPublico,Modalidade,NrUtentes,Endereco,CodigoPostal,LOCALIDADE,LatLong,Freguesia,Concelho,Distrito,SeloCleanSafe,Telefone,Email,Website,OutrosContactos,FonteContacto,EstadoContacto
17559,Casa da Vinha Grande,1436955026000,1439596800000,EstabelecimentoHospedagem,9,Travessa Carrasqueira 21  ,5050-344,Poiares,"41,1828844299275 ; -7,72219895658911",Poiares,Peso da Régua,Vila Real,Não,+351 919 004 034,csmcmv@gmail.com,https://www.casadavinhagrande.com/pt,,site oficial Casa da Vinha Grande; RNAL 17559,CONFIRMADO_FONTE_PUBLICA
19256,SOLAR CASA GRANDE,1440185975000,1440288000000,EstabelecimentoHospedagem,12,Largo Largo Feira 87  ,5050-347,Poiares,"41,1776034512114 ; -7,72618340541627",Poiares,Peso da Régua,Vila Real,Não,,varandasdafeira@gmail.com,,,FICHA OFICIAL RNAL 19256,CONFIRMADO_FICHA_OFICIAL
38446,Casa Foz do Corgo ,1483621522000,1483660800000,Moradia,9,1ª Rua Juncal de Cima - Corgo   ,5050-207,Peso da Régua,"41,1558872340322 ; -7,77330474979611",União das freguesias de Peso da Régua e Godim,Peso da Régua,Vila Real,Sim,918791105,casafozdocorgo@gmail.com,,,FICHA OFICIAL RNAL 38446,CONFIRMADO_FICHA_OFICIAL
40768,Casa Greande Covelinhas,1488540809000,1488499200000,Moradia,8,Rua Rua Combaro   ,5050-012,Covelinhas,"41,1589701679271 ; -7,683581831648",União das freguesias de Galafura e Covelinhas,Peso da Régua,Vila Real,Não,,6972@solicitador.net,,,FICHA OFICIAL RNAL 40768,CONFIRMADO_FICHA_OFICIAL
44811,VISTADOURO 2,1494418400000,1494374400000,Moradia,10,Rua juncal de cima   ,5050-207,Juncal de Cima,"41,1569125612905 ; -7,78216247618759",União das freguesias de Peso da Régua e Godim,Peso da Régua,Vila Real,Não,,alvistadouro@sapo.pt,,,FICHA OFICIAL RNAL 44811,CONFIRMADO_FICHA_OFICIAL
44840,Casa de São Domingos,1494425460000,1494374400000,EstabelecimentoHospedagem,18,Avenida Avenida Diocese de Vila Real 821  ,5050-221,Peso da Régua,"41,1583837746212 ; -7,77960351095714",União das freguesias de Peso da Régua e Godim,Peso da Régua,Vila Real,Sim,+351 938 079 507,info@casadesaodomingos.pt,https://casadesaodomingos.pt/,,site oficial Casa de São Domingos; RNAL 44840,CONFIRMADO_FONTE_PUBLICA
44853,Quinta da Travessa,1494429238000,1567296000000,EstabelecimentoHospedagem,6,Rua Rua Fundo da Travessa 103  ,5050-012,Covelinhas,"41,1579055726368 ; -7,6824367437845",União das freguesias de Galafura e Covelinhas,Peso da Régua,Vila Real,Não,,nunoflemos@hotmail.com,,,FICHA OFICIAL RNAL 44853,CONFIRMADO_FICHA_OFICIAL
44939,Casa do Olival,1494495823000,1451606400000,Moradia,12,1ª Travessa Olival Basto 340 1.º / 2.º ,5050-098,Peso da Régua,"41,1635449938322 ; -7,79686258998152",União das freguesias de Peso da Régua e Godim,Peso da Régua,Vila Real,Não,,cafeomarques@hotmail.com,,,FICHA OFICIAL RNAL 44939,CONFIRMADO_FICHA_OFICIAL
47088,VistaDouro,1496313320000,1375920000000,EstabelecimentoHospedagem,6,Rua Rua José Vasques Osório sn 1 dto,5050-280,Peso da Régua,"41,1563366503761 ; -7,77859865914287",União das freguesias de Peso da Régua e Godim,Peso da Régua,Vila Real,Não,+351 960 386 573 / +351 925 028 307,alvistadouro@sapo.pt,http://vistadouro.wix.com/,,programa Geologia na Rota da Vinha e dos Museus do Vinho (2016); identificação Vista Douro,FONTE_HISTORICA_A_VALIDAR
50178,Douro Villa,1499163617000,1514678400000,Moradia,4,Travessa Travessa Sacadura Cabral   ,5050-078,Godim,"41,1633971281565 ; -7,79808176399053",União das freguesias de Peso da Régua e Godim,Peso da Régua,Vila Real,Não,,joaomcr@gmail.com,,,FICHA OFICIAL RNAL 50178,CONFIRMADO_FICHA_OFICIAL
50826,Casa do Rio,1499445802000,1499385600000,EstabelecimentoHospedagem,6,Avenida Avenida João Franco S/N  ,5050-226,Peso da Régua,"41,1606239345372 ; -7,78926569231526",União das freguesias de Peso da Régua e Godim,Peso da Régua,Vila Real,Sim,,antoniosmsilva9@gmail.com,,,FICHA OFICIAL RNAL 50826,CONFIRMADO_FICHA_OFICIAL
51103,Hospedaria Residencial Vale do Rodo,1499769604000,1499731200000,EstabelecimentoHospedagem,18,Rua Rua Lousada   ,5050-262,Godim,"41,1716310024934 ; -7,79651072065166",União das freguesias de Peso da Régua e Godim,Peso da Régua,Vila Real,Não,,capanegra25@hotmail.com,,,FICHA OFICIAL RNAL 51103,CONFIRMADO_FICHA_OFICIAL
51840,Las Houses Terrace,1500307223000,1500249600000,EstabelecimentoHospedagem,16,Avenida Avenida Doutor Manuel de Arriaga 1619  ,5050-225,Peso da Régua,"41,162292791378 ; -7,78714515764373",União das freguesias de Peso da Régua e Godim,Peso da Régua,Vila Real,Não,+351 914 961 661,fteixeira@l2b.pt,https://dourovallyinn.com/,,site oficial Douro Vally Inn; RNAL 51840/AL,CONFIRMADO_FONTE_PUBLICA
52897,Casa do Romezal,1501166297000,1437004800000,EstabelecimentoHospedagem,10,Calçada Calçada Barreiro   ,5050-366,Vilarinho dos Freires,"41,1732368058915 ; -7,74294328270951",Vilarinho dos Freires,Peso da Régua,Vila Real,Não,+351 919 866 186,geral@casadoromezal.com,https://www.casadoromezal.com/,,site oficial Casa do Romezal; RNAL 52897/AL,CONFIRMADO_FONTE_PUBLICA
53732,Casa Trás da Igreja,1502104797000,1494806400000,Moradia,12,Estrada Municipal Estrada Municipal 602   ,5040-523,Igreja,"41,2035737795564 ; -7,86256567250905",Sedielos,Peso da Régua,Vila Real,Não,,carmo9999@hotmail.com,,,FICHA OFICIAL RNAL 53732,CONFIRMADO_FICHA_OFICIAL
54656,Casa do Vale 1,1503331999000,1503273600000,Apartamento,4,Estrada Municipal  Estrada Municipal   ,5050-091,Costa do Vale,"41,1825059768161 ; -7,80125307849269",União das freguesias de Peso da Régua e Godim,Peso da Régua,Vila Real,Sim,,antoniosmsilva9@gmail.com,,,FICHA OFICIAL RNAL 54656,CONFIRMADO_FICHA_OFICIAL
54758,Casa de Mera,1503413226000,1500595200000,Moradia,12,Zona sn    ,5050-103,Mera,"41,1730020247998 ; -7,80188411886139",União das freguesias de Peso da Régua e Godim,Peso da Régua,Vila Real,Não,,casademera@hotmail.com,,,FICHA OFICIAL RNAL 54758,CONFIRMADO_FICHA_OFICIAL
56107,Yellow Apartament @ Douro River ,1504711574000,1641772800000,Apartamento,7,Avenida Avenida Galiza sn sn sn,5050-222,Peso da Régua,"41,1601020662891 ; -7,78815180292635",União das freguesias de Peso da Régua e Godim,Peso da Régua,Vila Real,Não,,carolineday.dc@gmail.com,,,FICHA OFICIAL RNAL 56107,CONFIRMADO_FICHA_OFICIAL
56955,Residencial Douro,602899200000,932342400000,EstabelecimentoHospedagem,31,Avenida Avenida Sacadura Cabral   ,5050-071,Godim,"41,1634444888629 ; -7,80376289101875",União das freguesias de Peso da Régua e Godim,Peso da Régua,Vila Real,Não,231486901,geral@residencialdouro.pt,,,FICHA OFICIAL RNAL 56955,CONFIRMADO_FICHA_OFICIAL
58569,Casa do Coelhal,1508535507000,1508716800000,Moradia,6,Estrada Municipal estrada municipal   ,5050-316,Travassos de cima,"41,1889041931205 ; -7,80073476371558",Loureiro,Peso da Régua,Vila Real,Não,,ernestopintosousa@gmail.com,,,FICHA OFICIAL RNAL 58569,CONFIRMADO_FICHA_OFICIAL
58757,Casa do Salgueiral,1508944681000,1519862400000,EstabelecimentoHospedagem,16,Rua Rua Augusto Vieira   ,5050-073,Godim,"41,1623469185751 ; -7,80475323150548",União das freguesias de Peso da Régua e Godim,Peso da Régua,Vila Real,Sim,231486901,geral@casadosalgueiral.pt,,,FICHA OFICIAL RNAL 58757,CONFIRMADO_FICHA_OFICIAL
61870,Casa do Poço,1515150418000,1515110400000,Moradia,4,Rua Rua Poço 335  ,5050-343,Vila Seca de Poiares,"41,2004940007521 ; -7,71440299982534",Poiares,Peso da Régua,Vila Real,Não,216924766,ceciliarrsousa@gmail.com,,,FICHA OFICIAL RNAL 61870,CONFIRMADO_FICHA_OFICIAL
63460,Quinta da Pessêga,1517309711000,1517788800000,EstabelecimentoHospedagem,8,Estrada Municipal  Quinta da Pessêga 0 0 0,5050-094,Lodeiro de Cima,"41,1921450005702 ; -7,70798072409584",Poiares,Peso da Régua,Vila Real,Não,,smvmg@hotmail.com,,,FICHA OFICIAL RNAL 63460,CONFIRMADO_FICHA_OFICIAL
65292,Quinta da Portelada,1519576502000,1527811200000,Moradia,12,Quinta Portelada   ,5040-530,Sedielos,"41,202159000637 ; -7,84808899959833",Sedielos,Peso da Régua,Vila Real,Sim,254812276; 965131220,quintaportelada@gmail.com,,,FICHA OFICIAL RNAL 65292,CONFIRMADO_FICHA_OFICIAL
70681,Casa do Peso ,1525375958000,1525305600000,Apartamento,4,Rua Rua Visconde Régua   ,5050-285,Peso da Régua,"41,1651531196154 ; -7,78630278404192",União das freguesias de Peso da Régua e Godim,Peso da Régua,Vila Real,Não,,antoniosmsilva9@gmail.com,,,FICHA OFICIAL RNAL 70681,CONFIRMADO_FICHA_OFICIAL
71099,Casa do Peso II,1525805636000,1525737600000,Apartamento,4,Rua Rua Visconde Régua   ,5050-285,Peso da Régua,"41,1651575549769 ; -7,7862016549401",União das freguesias de Peso da Régua e Godim,Peso da Régua,Vila Real,Não,,antoniosmsilva9@gmail.com,,,FICHA OFICIAL RNAL 71099,CONFIRMADO_FICHA_OFICIAL
71104,Casa do Vale 2,1525807619000,1525737600000,Apartamento,4,Estrada Municipal Estrada Municipal   ,5050-091,Costa do Vale,"41,1795780008102 ; -7,79778800007211",União das freguesias de Peso da Régua e Godim,Peso da Régua,Vila Real,Não,,antoniosmsilva9@gmail.com,,,FICHA OFICIAL RNAL 71104,CONFIRMADO_FICHA_OFICIAL
71505,Casa da Fonte da Torre,1526065253000,1526083200000,Moradia,5,Rua Lugar da Torre de Cima s/n  ,5050-312,Loureiro,"41,1781256975496 ; -7,74628348146059",Vilarinho dos Freires,Peso da Régua,Vila Real,Não,,i.mesquita27@hotmail.com,,,FICHA OFICIAL RNAL 71505,CONFIRMADO_FICHA_OFICIAL
73184,Vista Douro 3 Style,1527615070000,1527811200000,Moradia,6,Rua Lugar Vale de Vinhas s/n  ,5050-205,Peso da Régua,"41,1659644769529 ; -7,77821750095235",União das freguesias de Peso da Régua e Godim,Peso da Régua,Vila Real,Não,925028307,casamacedo@sapo.pt,,,FICHA OFICIAL RNAL 73184,CONFIRMADO_FICHA_OFICIAL
73398,Douro D'Heart,1527864884000,1527811200000,EstabelecimentoHospedagem,6,Rua Rua Doutor Maximiano de Lemos 79  ,5050-276,Peso da Régua,"41,1642387503296 ; -7,78876971682365",União das freguesias de Peso da Régua e Godim,Peso da Régua,Vila Real,Sim,925314136,catarinavjaneiro@gmail.com,,,FICHA OFICIAL RNAL 73398,CONFIRMADO_FICHA_OFICIAL
74102,Imperial Douro Guest House,1528453567000,1530316800000,Apartamento,5,Rua Rua Camilos 95  ,5050-273,Peso da Régua,"41,1603510013761 ; -7,78622821751566",União das freguesias de Peso da Régua e Godim,Peso da Régua,Vila Real,Sim,914082642,ilimbado@sapo.pt,,,FICHA OFICIAL RNAL 74102,CONFIRMADO_FICHA_OFICIAL
75370,Bugalha My Loft Douro 2,1529511339000,1530316800000,Apartamento,4,Rua Rua José Vasques Osório   ,5050-280,Peso da Régua,"41,1596930805518 ; -7,78523366775277",União das freguesias de Peso da Régua e Godim,Peso da Régua,Vila Real,Sim,254821401; 912785565,farmaciadouro@hotmail.com,,,FICHA OFICIAL RNAL 75370,CONFIRMADO_FICHA_OFICIAL
75377,Bugalha My Loft Douro 3,1529512809000,1530316800000,Apartamento,4,Rua Rua José Vasques Osório   ,5050-280,Peso da Régua,"41,1596930805518 ; -7,78523366775277",União das freguesias de Peso da Régua e Godim,Peso da Régua,Vila Real,Sim,254821401; 912785565,farmaciadouro@hotmail.com,,,FICHA OFICIAL RNAL 75377,CONFIRMADO_FICHA_OFICIAL
75380,Bugalha My Loft Douro 4,1529513544000,1530316800000,Apartamento,4,Rua Rua José Vasques Osório   ,5050-280,Peso da Régua,"41,1596930805518 ; -7,78523366775277",União das freguesias de Peso da Régua e Godim,Peso da Régua,Vila Real,Sim,254821401; 912785565,farmaciadouro@hotmail.com,,,FICHA OFICIAL RNAL 75380,CONFIRMADO_FICHA_OFICIAL
75385,Bugalha My Loft Douro 5,1529514377000,1530316800000,Apartamento,4,Rua Rua José Vasques Osório   ,5050-280,Peso da Régua,"41,1596930805518 ; -7,78523366775277",União das freguesias de Peso da Régua e Godim,Peso da Régua,Vila Real,Sim,254821401; 912785565,farmaciadouro@hotmail.com,,,FICHA OFICIAL RNAL 75385,CONFIRMADO_FICHA_OFICIAL
75387,Bugalha My Loft Douro 6,1529515225000,1530316800000,Apartamento,4,Rua Rua José Vasques Osório   ,5050-280,Peso da Régua,"41,1596930805518 ; -7,78523366775277",União das freguesias de Peso da Régua e Godim,Peso da Régua,Vila Real,Sim,254821401; 912785565,farmaciadouro@hotmail.com,,,FICHA OFICIAL RNAL 75387,CONFIRMADO_FICHA_OFICIAL
75388,Bugalha My Loft Douro 7,1529515825000,1530316800000,Apartamento,4,Rua Rua José Vasques Osório   ,5050-280,Peso da Régua,"41,1596930805518 ; -7,78523366775277",União das freguesias de Peso da Régua e Godim,Peso da Régua,Vila Real,Sim,254821401; 912785565,farmaciadouro@hotmail.com,,,FICHA OFICIAL RNAL 75388,CONFIRMADO_FICHA_OFICIAL
75392,Bugalha My Loft Douro 8,1529516454000,1530316800000,Apartamento,4,Rua Rua José Vasques Osório   ,5050-280,Peso da Régua,"41,1596930805518 ; -7,78523366775277",União das freguesias de Peso da Régua e Godim,Peso da Régua,Vila Real,Sim,254821401; 912785565,farmaciadouro@hotmail.com,,,FICHA OFICIAL RNAL 75392,CONFIRMADO_FICHA_OFICIAL
75396,Bugalha My Loft Douro 9,1529517157000,1530316800000,Apartamento,4,Rua Rua José Vasques Osório   ,5050-280,Peso da Régua,"41,1596930805518 ; -7,78523366775277",União das freguesias de Peso da Régua e Godim,Peso da Régua,Vila Real,Sim,254821401; 912785565,farmaciadouro@hotmail.com,,,FICHA OFICIAL RNAL 75396,CONFIRMADO_FICHA_OFICIAL
75525,Bugalha My Loft Douro 1,1529509774000,1530316800000,Apartamento,4,Rua Rua José Vasques Osório   ,5050-280,Peso da Régua,"41,1596930805518 ; -7,78523366775277",União das freguesias de Peso da Régua e Godim,Peso da Régua,Vila Real,Sim,254821401; 912785565,farmaciadouro@hotmail.com,,,FICHA OFICIAL RNAL 75525,CONFIRMADO_FICHA_OFICIAL
79769,Vivenda Branca Martinho,1533227178000,1533254400000,Moradia,7,Rua Branca Martinho 50  ,5050-253,Peso da Régua,"41,1647770168481 ; -7,79298271878841",União das freguesias de Peso da Régua e Godim,Peso da Régua,Vila Real,Não,,vivendabrancamartinho@gmail.com,,,FICHA OFICIAL RNAL 79769,CONFIRMADO_FICHA_OFICIAL
80438,Casa Largo do Cruzeiro,1533921127000,1533859200000,EstabelecimentoHospedagem,4,Rua João de Lemos 39  ,5050-278,Peso da Régua,"41,1621420540371 ; -7,78965700403008",União das freguesias de Peso da Régua e Godim,Peso da Régua,Vila Real,Não,,adelinopereira.regua@gmail.com,,,FICHA OFICIAL RNAL 80438,CONFIRMADO_FICHA_OFICIAL
80694,IMPERIAL DOURO GUESTHOUSE 2,1534359806000,1548979200000,Apartamento,4,Rua Rua Camilos 95 1 Centro,5050-272,Peso da Régua,"41,1603510013761 ; -7,78622821751566",União das freguesias de Peso da Régua e Godim,Peso da Régua,Vila Real,Sim,914082642,ilimbado@sapo.pt,,,FICHA OFICIAL RNAL 80694,CONFIRMADO_FICHA_OFICIAL
80696,IMPERIAL DOURO GUESTHOUSE 3,1534361369000,1517443200000,Apartamento,4,Rua Rua Camilos 95 1 Traseiras,5050-272,Peso da Régua,"41,1603510013761 ; -7,78622821751566",União das freguesias de Peso da Régua e Godim,Peso da Régua,Vila Real,Sim,914082642,ilimbado@sapo.pt,,,FICHA OFICIAL RNAL 80696,CONFIRMADO_FICHA_OFICIAL
80698,IMPERIAL DOURO GUESTHOUSE 4,1534362032000,1582848000000,Apartamento,4,Rua Rua Camilos 95 2 Frente,5050-272,Peso da Régua,"41,1603510013761 ; -7,78622821751566",União das freguesias de Peso da Régua e Godim,Peso da Régua,Vila Real,Não,914082642,ilimbado@sapo.pt,,,FICHA OFICIAL RNAL 80698,CONFIRMADO_FICHA_OFICIAL
80699,IMPERIAL DOURO GUESTHOUSE 5,1534362664000,1582848000000,Apartamento,4,Rua Rua Camilos 95 2 Centro,5050-272,Peso da Régua,"41,1603510013761 ; -7,78622821751566",União das freguesias de Peso da Régua e Godim,Peso da Régua,Vila Real,Não,914082642,ilimbado@sapo.pt,,,FICHA OFICIAL RNAL 80699,CONFIRMADO_FICHA_OFICIAL
80701,IMPERIAL DOURO GUESTHOUSE 6,1534363237000,1582848000000,Apartamento,4,Rua Rua Camilos 95 2 Traseiras,5050-272,Peso da Régua,"41,1603510013761 ; -7,78622821751566",União das freguesias de Peso da Régua e Godim,Peso da Régua,Vila Real,Não,914082642,ilimbado@sapo.pt,,,FICHA OFICIAL RNAL 80701,CONFIRMADO_FICHA_OFICIAL
80798,IMPERIAL DOURO GUESTHOUSE 7,1534440748000,1582848000000,Apartamento,4,Rua Rua Camilos 95 3 Frente,5050-272,Peso da Régua,"41,1603510013761 ; -7,78622821751566",União das freguesias de Peso da Régua e Godim,Peso da Régua,Vila Real,Não,914082642,ilimbado@sapo.pt,,,FICHA OFICIAL RNAL 80798,CONFIRMADO_FICHA_OFICIAL
80799,IMPERIAL DOURO GUESTHOUSE 8,1534442280000,1582848000000,Apartamento,4,Rua Rua Camilos 95 3 Traseiras,5050-272,Peso da Régua,"41,1603510013761 ; -7,78622821751566",União das freguesias de Peso da Régua e Godim,Peso da Régua,Vila Real,Não,914082642,ilimbado@sapo.pt,,,FICHA OFICIAL RNAL 80799,CONFIRMADO_FICHA_OFICIAL
81081,Quinta do Prado Casa da Toca,1534846911000,1536969600000,Moradia,8,Rua Rua Pedreira 808 sn sn,5050-329,Pedreira,"41,1942750007053 ; -7,84589299976196",União das freguesias de Moura Morta e Vinhós,Peso da Régua,Vila Real,Não,,mlmartins@live.fr,,,FICHA OFICIAL RNAL 81081,CONFIRMADO_FICHA_OFICIAL
81879,Casa da Quinta dos Murças,1534760208000,1536105600000,EstabelecimentoHospedagem,10,Estrada Municipal Estrada Municipal 313-1   ,5050-012,Covelinhas,"41,1589320013178 ; -7,68261499972273",União das freguesias de Galafura e Covelinhas,Peso da Régua,Vila Real,Não,962458004,antonio.roquette@esporao.com,,,FICHA OFICIAL RNAL 81879,CONFIRMADO_FICHA_OFICIAL
83020,Apartamento Dom Ruas,1537261746000,1537142400000,EstabelecimentoHospedagem,6,Avenida Avenida Doutor Manuel de Arriaga 669  ,5050-225,Peso da Régua,"41,1659547153539 ; -7,78515100049578",União das freguesias de Peso da Régua e Godim,Peso da Régua,Vila Real,Não,,lm_rua@hotmail.com,,,FICHA OFICIAL RNAL 83020,CONFIRMADO_FICHA_OFICIAL
89762,The Pine House,1545146410000,1544140800000,EstabelecimentoHospedagem,8,Rua Rua Doutor Maximiano de Lemos 105  ,5050-276,Peso da Régua,"41,1647403672532 ; -7,78835506155188",União das freguesias de Peso da Régua e Godim,Peso da Régua,Vila Real,Sim,,reguapinehouse@gmail.com,,,FICHA OFICIAL RNAL 89762,CONFIRMADO_FICHA_OFICIAL
92271,Edifício Martinho,1551711610000,1552608000000,Apartamento,2,Rua Rua Camilos 15 2º traseiro,5050-273,Peso da Régua,"41,1615174200334 ; -7,78870383091405",União das freguesias de Peso da Régua e Godim,Peso da Régua,Vila Real,Sim,969015135,armindo.martinho@hotmail.com,,,FICHA OFICIAL RNAL 92271,CONFIRMADO_FICHA_OFICIAL
92272,Ana Alice Carneiro Carneiro Martinho,1551712806000,1552608000000,Apartamento,2,Rua Rua Camilos 15 1º traseiro,5050-273,Peso da Régua,"41,1615174200334 ; -7,78870383091405",União das freguesias de Peso da Régua e Godim,Peso da Régua,Vila Real,Sim,969015135,armindo.martinho@hotmail.com,,,FICHA OFICIAL RNAL 92272,CONFIRMADO_FICHA_OFICIAL
92273,Ana Alice Carneiro Martinho,1551712807000,1552608000000,Apartamento,2,Rua Rua Camilos 15 2º frente,5050-273,Peso da Régua,"41,1615174200334 ; -7,78870383091405",União das freguesias de Peso da Régua e Godim,Peso da Régua,Vila Real,Sim,969015135,armindo.martinho@hotmail.com,,,FICHA OFICIAL RNAL 92273,CONFIRMADO_FICHA_OFICIAL
93037,Quinta das Cerdeiras,1552996814000,1555286400000,Moradia,10,Rua Rua Cerdeiras Lote 4  ,5050-060,Godim,"41,1681324394114 ; -7,80623549339109",União das freguesias de Peso da Régua e Godim,Peso da Régua,Vila Real,Não,224129309,quintaromarigo@gmail.com,,,FICHA OFICIAL RNAL 93037,CONFIRMADO_FICHA_OFICIAL
94637,Casa da Portela,1555501204000,1557446400000,Moradia,7,1ª Rua  Portela   ,5050-328,Portela,"41,1879570013455 ; -7,84008800037053",União das freguesias de Moura Morta e Vinhós,Peso da Régua,Vila Real,Não,213229331,cfmmonteiro1977@gmail.com,,,FICHA OFICIAL RNAL 94637,CONFIRMADO_FICHA_OFICIAL
95762,Casa Azevedo,1557230411000,1558310400000,Moradia,6,Rua Rua Santo Amaro 82  ,5050-364,Vilarinho dos Freires,"41,1766861744804 ; -7,74629610018254",Vilarinho dos Freires,Peso da Régua,Vila Real,Não,,saopenelas@gmail.com,,,FICHA OFICIAL RNAL 95762,CONFIRMADO_FICHA_OFICIAL
96797,Quinta da Ribeira,1558698604000,1559347200000,EstabelecimentoHospedagem,10,Rua Rua Santa Comba   ,5050-328,Ramalhão,"41,1879570013455 ; -7,84008800037053",União das freguesias de Moura Morta e Vinhós,Peso da Régua,Vila Real,Não,,quintadaribeiradouro@gmail.com,,,FICHA OFICIAL RNAL 96797,CONFIRMADO_FICHA_OFICIAL
97348,Domus Trintorum,1559559006000,1560211200000,Moradia,6,Rua Rua Doutor Antão de Carvalho 4678  ,5050-341,Poiares,"41,2018153776505 ; -7,70436020892012",Poiares,Peso da Régua,Vila Real,Não,215071654,celialopes32@hotmail.com,,,FICHA OFICIAL RNAL 97348,CONFIRMADO_FICHA_OFICIAL
97742,La Rosière,1559923205000,1560211200000,Quartos,2,Rua Rua Santa Maria 4928  ,5040-530,Sermanha,"41,202159000637 ; -7,84808899959833",Sedielos,Peso da Régua,Vila Real,Não,,reservas@larosiere.pt,,,FICHA OFICIAL RNAL 97742,CONFIRMADO_FICHA_OFICIAL
98719,Casa do Adro,1561564807000,1561075200000,Apartamento,6,Largo Largo Cruzeiro 12  ,5050-238,Peso da Régua,"41,1619545289401 ; -7,78993937767775",União das freguesias de Peso da Régua e Godim,Peso da Régua,Vila Real,Não,241832101,claudia--ferreira@hotmail.com,,,FICHA OFICIAL RNAL 98719,CONFIRMADO_FICHA_OFICIAL
99019,House Douro,1561999807000,1562630400000,Moradia,7,Rua Rua Carvalho   ,5040-517,Carvalho,"41,1901675242351 ; -7,85934078223967",Sedielos,Peso da Régua,Vila Real,Não,222944749,nunomonteiro14@hotmail.com,,,FICHA OFICIAL RNAL 99019,CONFIRMADO_FICHA_OFICIAL
100616,Mito's House - Casa da Mito ,1564065007000,1564617600000,Moradia,4,Estrada Municipal  Lugar de Sergude s/n  ,5050-094,Sergude,"41,161758168988 ; -7,8117387093857",União das freguesias de Peso da Régua e Godim,Peso da Régua,Vila Real,Não,218109687,sergio.macedo@outlook.pt,,,FICHA OFICIAL RNAL 100616,CONFIRMADO_FICHA_OFICIAL
100864,Casa da Fonte,1564502407000,1564617600000,Moradia,4,Rua Rua Lameira s/n  ,5050-425,Canelas,"41,1666540009644 ; -7,72598149979041",Canelas,Peso da Régua,Vila Real,Não,225416786,pedro_pmcarvalho@hotmail.com,,,FICHA OFICIAL RNAL 100864,CONFIRMADO_FICHA_OFICIAL
102108,Quinta Da Estrada,1566304804000,1567296000000,EstabelecimentoHospedagem,8,Rua Rua Estrada   ,5050-343,Vila Seca de Poiares,"41,2005030005386 ; -7,71440299969075",Poiares,Peso da Régua,Vila Real,Sim,254100161; 912220903,topdouro@sapo.pt,,,FICHA OFICIAL RNAL 102108,CONFIRMADO_FICHA_OFICIAL
102110,Galafura Design House,1566318005000,1567296000000,Moradia,8,Rua Rua Boca 10  ,5050-043,Galafura,"41,181837000929 ; -7,68326749962552",União das freguesias de Galafura e Covelinhas,Peso da Régua,Vila Real,Não,,aquinoportogeral@gmail.com,,,FICHA OFICIAL RNAL 102110,CONFIRMADO_FICHA_OFICIAL
103811,Quinta Da Estrada Moinho Loft,1570795208000,1567296000000,Moradia,4,Rua Rua Estrada   ,5050-343,Vila Seca de Poiares,"41,2005030005386 ; -7,71440299969075",Poiares,Peso da Régua,Vila Real,Não,254100161; 912220903,topdouro@sapo.pt,,,FICHA OFICIAL RNAL 103811,CONFIRMADO_FICHA_OFICIAL
103812,Quinta Da Estrada Moinho ,1570796405000,1569888000000,Moradia,4,Rua Rua Estrada   ,5050-343,Vila Seca de Poiares,"41,2005030005386 ; -7,71440299969075",Poiares,Peso da Régua,Vila Real,Não,254100161; 912220903,topdouro@sapo.pt,,,FICHA OFICIAL RNAL 103812,CONFIRMADO_FICHA_OFICIAL
103813,Quinta Da Estrada Galinheiro,1570796407000,1569888000000,Moradia,2,Rua Rua Estrada   ,5050-343,Vila Seca de Poiares,"41,2005030005386 ; -7,71440299969075",Poiares,Peso da Régua,Vila Real,Não,254100161; 912220903,topdouro@sapo.pt,,,FICHA OFICIAL RNAL 103813,CONFIRMADO_FICHA_OFICIAL
104465,Casa Vila Rosa,1573032004000,1572998400000,Quartos,6,Rua Rua Camilo Bernardes Pereira 4  ,5050-072,Godim,"41,1650153654614 ; -7,80048038218046",União das freguesias de Peso da Régua e Godim,Peso da Régua,Vila Real,Não,,ajcesa5@gmail.com,,,FICHA OFICIAL RNAL 104465,CONFIRMADO_FICHA_OFICIAL
105449,O Mercadinho,1574866806000,1574985600000,EstabelecimentoHospedagem,8,Rua Rua Delminda Pinto Ribeiro 11  ,5050-346,Poiares,"41,1840960013499 ; -7,72203950034856",Poiares,Peso da Régua,Vila Real,Não,,sandrarcc@gmail.com,,,FICHA OFICIAL RNAL 105449,CONFIRMADO_FICHA_OFICIAL
110226,Casa dos Avós,1592580605000,1592784000000,Moradia,6,Rua Rua Souto   ,5050-271,Peso da Régua,"41,1653096402351 ; -7,78379278137156",União das freguesias de Peso da Régua e Godim,Peso da Régua,Vila Real,Não,212012690,casadosavosdouro@gmail.com,,,FICHA OFICIAL RNAL 110226,CONFIRMADO_FICHA_OFICIAL
110569,CASA DA RUELA,1593530407000,1594339200000,Moradia,6,Rua  Ribeira do Rodo   ,5050-092,Ribeira de Rodo,"41,161470001219 ; -7,79112000027576",União das freguesias de Peso da Régua e Godim,Peso da Régua,Vila Real,Não,212145843,profcristinadinispinto@hotmail.com,,,FICHA OFICIAL RNAL 110569,CONFIRMADO_FICHA_OFICIAL
111238,Casinha Portuguesa,1595323210000,1596067200000,Apartamento,4,Rua Rua Ferreirinha 6  ,5050-261,Peso da Régua,"41,1621498786342 ; -7,79074824215935",União das freguesias de Peso da Régua e Godim,Peso da Régua,Vila Real,Não,,casinhasportuguesas@gmail.com,,,FICHA OFICIAL RNAL 111238,CONFIRMADO_FICHA_OFICIAL
112656,Colina do Sol,1601398990000,1601510400000,Apartamento,6,Urbanização  Colina do Sol 6 3 E,5050-207,Juncal de Cima,"41,161470001219 ; -7,79112000027576",União das freguesias de Peso da Régua e Godim,Peso da Régua,Vila Real,Não,,henrique.reis@hrseguros.pt,,,FICHA OFICIAL RNAL 112656,CONFIRMADO_FICHA_OFICIAL
112701,Douro Xisto Apartments 1,1602238805000,1602201600000,Apartamento,2,Rua Rua Santo Xisto 846  ,5050-370,Vilarinho dos Freires,"41,161470001219 ; -7,79112000027576",União das freguesias de Peso da Régua e Godim,Peso da Régua,Vila Real,Não,964618855,magalhaes@comval.pt,,,FICHA OFICIAL RNAL 112701,CONFIRMADO_FICHA_OFICIAL
112702,Douro Xisto Apartments 2,1602238806000,1602201600000,Apartamento,2,Rua Rua Santo Xisto 846  ,5050-370,Vilarinho dos Freires,"41,161470001219 ; -7,79112000027576",União das freguesias de Peso da Régua e Godim,Peso da Régua,Vila Real,Não,964618855,magalhaes@comval.pt,,,FICHA OFICIAL RNAL 112702,CONFIRMADO_FICHA_OFICIAL
112703,Douro Xisto Apartments 3,1602238807000,1602201600000,Apartamento,6,Rua Rua Santo Xisto 846  ,5050-370,Vilarinho dos Freires,"41,161470001219 ; -7,79112000027576",União das freguesias de Peso da Régua e Godim,Peso da Régua,Vila Real,Não,964618855,magalhaes@comval.pt,,,FICHA OFICIAL RNAL 112703,CONFIRMADO_FICHA_OFICIAL
113452,Alojamento Joaninha,1606126804000,1605657600000,Moradia,4,Rua Rua Alegria 9  ,5050-256,Peso da Régua,"41,1605656229204 ; -7,78913772843876",União das freguesias de Peso da Régua e Godim,Peso da Régua,Vila Real,Não,236858890,antoniopedroala@hotmail.com,,,FICHA OFICIAL RNAL 113452,CONFIRMADO_FICHA_OFICIAL
115059,Casa Portuguesa,1617119406000,1619740800000,Moradia,7,Rua Rua Nogueiras 26  ,5050-060,Godim,"41,1693400158215 ; -7,8065799864807",União das freguesias de Peso da Régua e Godim,Peso da Régua,Vila Real,Não,,casinhasportuguesas@gmail.com,,,FICHA OFICIAL RNAL 115059,CONFIRMADO_FICHA_OFICIAL
115415,Casa do Rio,1618531842000,1619827200000,Moradia,4,Rua Rua Senhor Boa Passagem 383  ,5050-012,Covelinhas,"41,1571489991399 ; -7,68110800947145",União das freguesias de Galafura e Covelinhas,Peso da Régua,Vila Real,Não,933600814,dourocapela@gmail.com,,,FICHA OFICIAL RNAL 115415,CONFIRMADO_FICHA_OFICIAL
115767,Casa de Campo Sonhos D'ouro,1620045202000,1621123200000,EstabelecimentoHospedagem,8,Rua Rua Travassos de Baixo   ,5050-316,Travassos,"41,1891840044334 ; -7,79775199883294",Loureiro,Peso da Régua,Vila Real,Não,218109016,sofia_catia25@hotmail.com,,,FICHA OFICIAL RNAL 115767,CONFIRMADO_FICHA_OFICIAL
117266,Quinta de Vila Franca,1623847808000,1626307200000,Moradia,15,Rua Rua Vila Franca 29  ,5050-266,Peso da Régua,"41,1654899983933 ; -7,78718996176161",União das freguesias de Peso da Régua e Godim,Peso da Régua,Vila Real,Não,,susanapimenta_@hotmail.com,,,FICHA OFICIAL RNAL 117266,CONFIRMADO_FICHA_OFICIAL
120297,Quintais de Ariz,1633601993000,1635724800000,EstabelecimentoHospedagem,8,Rua Rua Padre Teixeira de Carvalho   ,5050-069,Godim,"41,1710773016651 ; -7,80458322725774",União das freguesias de Peso da Régua e Godim,Peso da Régua,Vila Real,Não,,kurtpace.geral@gmail.com,,,FICHA OFICIAL RNAL 120297,CONFIRMADO_FICHA_OFICIAL
120638,Casa do Carril,1635246014000,1635292800000,Moradia,6,Estrada Nacional Estrada Nacional 108 S/N  ,5050-099,Cederma,"41,1500463414919 ; -7,81461018550202",União das freguesias de Peso da Régua e Godim,Peso da Régua,Vila Real,Não,237413892,barrosbar@hotmail.com,,,FICHA OFICIAL RNAL 120638,CONFIRMADO_FICHA_OFICIAL
121682,Casa dos 4 Caminhos,1639668600000,1641772800000,EstabelecimentoHospedagem,6,Rua Rua 4 Caminhos   ,5050-067,Godim,"41,1672365420749 ; -7,79749125304839",União das freguesias de Peso da Régua e Godim,Peso da Régua,Vila Real,Não,,malexvaz@gmail.com,,,FICHA OFICIAL RNAL 121682,CONFIRMADO_FICHA_OFICIAL
122428,Vivenda Portela,1642503005000,1643068800000,Moradia,4,Rua Rua Travessa   ,5050-012,Covelinhas,"41,1587413928693 ; -7,6784566453004",União das freguesias de Galafura e Covelinhas,Peso da Régua,Vila Real,Não,,carmindap1970@hotmail.com,,,FICHA OFICIAL RNAL 122428,CONFIRMADO_FICHA_OFICIAL
122971,Green House,1644253207000,1646092800000,Moradia,8,Avenida Avenida Doutor Manuel de Arriaga 1475  ,5050-225,Peso da Régua,"41,162616608039 ; -7,78617133524901",União das freguesias de Peso da Régua e Godim,Peso da Régua,Vila Real,Não,939714401,amadeu.araujo@publiserv.pt,,,FICHA OFICIAL RNAL 122971,CONFIRMADO_FICHA_OFICIAL
123850,Salgueiral Guest House,1646266212000,1648771200000,Quartos,4,Rua Augusto Vieira   ,5050-073,Godim,"41,1582466311015 ; -7,80704542677885",União das freguesias de Peso da Régua e Godim,Peso da Régua,Vila Real,Não,,salgueiralguesthouse@gmail.com,,,FICHA OFICIAL RNAL 123850,CONFIRMADO_FICHA_OFICIAL
124063,Casa do Pato I,1646752805000,1648771200000,Apartamento,4,Rua  da Ribeira do Rodo   ,5050-092,Ribeira de Rodo,"41,1693100087304 ; -7,80067996477988",União das freguesias de Peso da Régua e Godim,Peso da Régua,Vila Real,Não,918721965,casadopatoal@gmail.com,,,FICHA OFICIAL RNAL 124063,CONFIRMADO_FICHA_OFICIAL
124064,Casa do Pato II,1646752806000,1648771200000,Apartamento,6,Rua  da Ribeira do Rodo  1 D,5050-092,Ribeira de Rodo,"41,1693100087304 ; -7,80067996477988",União das freguesias de Peso da Régua e Godim,Peso da Régua,Vila Real,Não,918721965,casadopatoal@gmail.com,,,FICHA OFICIAL RNAL 124064,CONFIRMADO_FICHA_OFICIAL
124318,Casa Moscatel,1647431405000,1647561600000,Moradia,6,"Rua Rua Moscatel, Urb. Qta Viana, Lote 5   ",5050-066,Godim,"41,1692600108301 ; -7,80031501632574",União das freguesias de Peso da Régua e Godim,Peso da Régua,Vila Real,Não,,mluisrodrigues67@gmail.com,,,FICHA OFICIAL RNAL 124318,CONFIRMADO_FICHA_OFICIAL
130308,Boa Passagem,1658748008000,1659312000000,Apartamento,2,Rua Rua Pedro Verdial 20 R/C ,5050-283,Peso da Régua,"41,1661699806092 ; -7,78775004154208",União das freguesias de Peso da Régua e Godim,Peso da Régua,Vila Real,Não,219844836,anaivtalmeida@gmail.com,,,FICHA OFICIAL RNAL 130308,CONFIRMADO_FICHA_OFICIAL
130831,The Rock&Roll Studio,1659609610000,1665792000000,Apartamento,2,Rua Rua Amendoeira 164 R/C Direito,5050-011,Amendoeira,"41,1638223349293 ; -7,68808083028777",União das freguesias de Galafura e Covelinhas,Peso da Régua,Vila Real,Não,201655950,covelinhas@me.com,,,FICHA OFICIAL RNAL 130831,CONFIRMADO_FICHA_OFICIAL
132491,Casa N. Sra. do Carmo - Villa 1,1663779620000,1667260800000,Apartamento,6,Rua Rua Doutor José Mesquita 212  ,5050-023,Fontelas,"41,1547687056365 ; -7,82672387863914",Fontelas,Peso da Régua,Vila Real,Não,932642512,nuno.andres@gmail.com,,,FICHA OFICIAL RNAL 132491,CONFIRMADO_FICHA_OFICIAL
132492,Casa N. Sra. do Carmo - Villa 1,1663779621000,1667260800000,Apartamento,4,Rua Rua Doutor José Mesquita 216  ,5050-023,Fontelas,"41,1547687056365 ; -7,82672387863914",Fontelas,Peso da Régua,Vila Real,Não,932642512,nuno.andres@gmail.com,,,FICHA OFICIAL RNAL 132492,CONFIRMADO_FICHA_OFICIAL
134066,Casa d'Avó Zé,1666869605000,1668902400000,Apartamento,10,Avenida Avenida Doutor Antão de Carvalho 51 2 Esq,5050-224,Peso da Régua,"41,1641700162446 ; -7,78983001037473",União das freguesias de Peso da Régua e Godim,Peso da Régua,Vila Real,Não,,geral@quintadaspeixotas.com,,,FICHA OFICIAL RNAL 134066,CONFIRMADO_FICHA_OFICIAL
134071,Marão à Vista,1666888809000,1673308800000,EstabelecimentoHospedagem,10,Rua Rua Mó 193  ,5050-346,Poiares,"41,179735000969 ; -7,7236399651844",Poiares,Peso da Régua,Vila Real,Não,,maraoavista@sapo.pt,,,FICHA OFICIAL RNAL 134071,CONFIRMADO_FICHA_OFICIAL
134176,Homes in Douro 3,1667484010000,1670803200000,Apartamento,4,Rua Camilos 263  ,5050-273,Peso da Régua,"41,1610004168292 ; -7,78791337126865",União das freguesias de Peso da Régua e Godim,Peso da Régua,Vila Real,Não,935636040,homesindouro@gmail.com,,,FICHA OFICIAL RNAL 134176,CONFIRMADO_FICHA_OFICIAL
134177,Homes in Douro 2,1667484014000,1670803200000,Apartamento,4,Rua Camilos 263  ,5050-273,Peso da Régua,"41,1610004168292 ; -7,78791337126865",União das freguesias de Peso da Régua e Godim,Peso da Régua,Vila Real,Não,935636040,homesindouro@gmail.com,,,FICHA OFICIAL RNAL 134177,CONFIRMADO_FICHA_OFICIAL
134178,Homes in Douro 1,1667484017000,1670803200000,Apartamento,4,Rua Camilos 263  ,5050-273,Peso da Régua,"41,1610004168292 ; -7,78791337126865",União das freguesias de Peso da Régua e Godim,Peso da Régua,Vila Real,Não,935636040,homesindouro@gmail.com,,,FICHA OFICIAL RNAL 134178,CONFIRMADO_FICHA_OFICIAL
134813,AL Vivenda da Ponte,1669809005000,1675209600000,Moradia,8,Travessa Ponte 51  ,5050-362,Vilarinho dos Freires,"41,1772813661585 ; -7,74730392147119",Vilarinho dos Freires,Peso da Régua,Vila Real,Não,,ferreira.rui@gmx.net,,,FICHA OFICIAL RNAL 134813,CONFIRMADO_FICHA_OFICIAL
135394,Casa do Trovão,1672142462000,1648771200000,Moradia,4,Largo 25 de Abril   ,5050-236,Peso da Régua,"41,1650082868088 ; -7,76016509061965",Vilarinho dos Freires,Peso da Régua,Vila Real,Não,,smspombo@hotmail.com,,,FICHA OFICIAL RNAL 135394,CONFIRMADO_FICHA_OFICIAL
135979,CASA NO RIO,1674491416000,1682899200000,Moradia,10,Rua Moinho da Ponte da Firveda   ,5050-200,Peso da Régua,"41,1610898758879 ; -7,77012884975913",União das freguesias de Peso da Régua e Godim,Peso da Régua,Vila Real,Sim,,ana.reais@aprconsultores.pt,,,FICHA OFICIAL RNAL 135979,CONFIRMADO_FICHA_OFICIAL
136051,Casa Do Muro,1674642004000,1677628800000,EstabelecimentoHospedagem,6,Rua Muro   ,5050-442,Canelas,"41,1611454903131 ; -7,7056735235994",Canelas,Peso da Régua,Vila Real,Não,967195380,geral@quilate.com.pt,,,FICHA OFICIAL RNAL 136051,CONFIRMADO_FICHA_OFICIAL
136313,Lá Cigarrita Guest House,1675340406000,1683849600000,Quartos,6,Rua Alto da Serra 80  ,5050-343,Vila Seca de Poiares,"41,2008449913464 ; -7,71554002949709",Poiares,Peso da Régua,Vila Real,Não,230386466,marisaci@sapo.pt,,,FICHA OFICIAL RNAL 136313,CONFIRMADO_FICHA_OFICIAL
137342,Retiro da Quinta do Souto,1677163822000,1678838400000,Moradia,6,Rua Poça 179  ,5050-317,Gervide,"41,185288011903 ; -7,80190078845918",Loureiro,Peso da Régua,Vila Real,Não,,retirodaquintadosouto@gmail.com,,,FICHA OFICIAL RNAL 137342,CONFIRMADO_FICHA_OFICIAL
137511,Casa de Sergude,1677594608000,1678406400000,Moradia,6,Rua Sem Nome   ,5050-094,Sergude,"41,1609499818961 ; -7,80992503630064",União das freguesias de Peso da Régua e Godim,Peso da Régua,Vila Real,Não,,henriquevicentemendes@gmail.com,,,FICHA OFICIAL RNAL 137511,CONFIRMADO_FICHA_OFICIAL
137607,Casa da Pecega,1677751206000,1684108800000,Moradia,6,Rua EM601   ,5050-094,Sergude,"41,1609499818961 ; -7,80992503630064",União das freguesias de Peso da Régua e Godim,Peso da Régua,Vila Real,Não,,smvmg@hotmail.com,,,FICHA OFICIAL RNAL 137607,CONFIRMADO_FICHA_OFICIAL
138308,A Tendinha,1678206955000,1681948800000,EstabelecimentoHospedagem,8,Largo 25 de Abril   ,5050-236,Peso da Régua,"41,1650082868088 ; -7,76016509061965",Vilarinho dos Freires,Peso da Régua,Vila Real,Não,233814744,atendinha@outlook.com,,,FICHA OFICIAL RNAL 138308,CONFIRMADO_FICHA_OFICIAL
139053,CASA DOS CAMILOS,1678809849000,1719792000000,Moradia,8,Rua Camilos 126  ,5050-272,Peso da Régua,"41,1606371162694 ; -7,78741323293294",União das freguesias de Peso da Régua e Godim,Peso da Régua,Vila Real,Não,938279128,guedescanal@gmail.com,,,FICHA OFICIAL RNAL 139053,CONFIRMADO_FICHA_OFICIAL
139054,Casa da Tia,1678811581000,1680307200000,Apartamento,6,Avenida Doutor Manuel de Arriaga  5 Esq,5050-225,Peso da Régua,"41,1613200011131 ; -7,78641002610406",União das freguesias de Peso da Régua e Godim,Peso da Régua,Vila Real,Não,,analuisa_carvalho19@hotmail.com,,,FICHA OFICIAL RNAL 139054,CONFIRMADO_FICHA_OFICIAL
139055,JANELA D'OURO,1678811583000,1680307200000,Apartamento,5,Rua 1º de Dezembro  4º direito,5050-251,Peso da Régua,"41,160263295239 ; -7,78757754194028",União das freguesias de Peso da Régua e Godim,Peso da Régua,Vila Real,Não,239936817,clararocha@msn.com,,,FICHA OFICIAL RNAL 139055,CONFIRMADO_FICHA_OFICIAL
139516,CASA ARRIAGA,1679011504000,1685491200000,Moradia,4,Avenida Doutor Manuel de Arriaga 2248  ,5050-225,Peso da Régua,"41,1640900110303 ; -7,78685996637298",União das freguesias de Peso da Régua e Godim,Peso da Régua,Vila Real,Não,231486901,geral@casadosalgueiral.pt,,,FICHA OFICIAL RNAL 139516,CONFIRMADO_FICHA_OFICIAL
140888,SOBRE A FONTE CHARMING APARTMENT,1679932071000,1680307200000,Apartamento,4,Rua Fonte  1º D,5050-026,Fontelas,41.1693862 ; -7.8183883,Fontelas,Peso da Régua,Vila Real,Não,936793983,sobreafonte@gmail.com,,,FICHA OFICIAL RNAL 140888,CONFIRMADO_FICHA_OFICIAL
140890,SOBRE A FONTE CHARMING APARTMENT,1679932075000,1680307200000,Apartamento,4,Rua Fonte  1 E,5050-026,Fontelas,41.1693862 ; -7.8183883,Fontelas,Peso da Régua,Vila Real,Não,936793983,sobreafonte@gmail.com,,,FICHA OFICIAL RNAL 140890,CONFIRMADO_FICHA_OFICIAL
140892,Casa com Alma,1679932079000,1681516800000,Moradia,4,Rua Augusto Vieira   ,5050-073,Godim,41.1582466 ; -7.8070455,União das freguesias de Peso da Régua e Godim,Peso da Régua,Vila Real,Não,913427425,ruimarantes@gmail.com,,,FICHA OFICIAL RNAL 140892,CONFIRMADO_FICHA_OFICIAL
141766,Lino's Family Guesthouse,1680358375000,1682899200000,Moradia,8,Rua Sem Nome   ,5050-094,Sergude,41.16095 ; -7.809925,União das freguesias de Peso da Régua e Godim,Peso da Régua,Vila Real,Não,919850140,linosguesthouservices@gmail.com,,,FICHA OFICIAL RNAL 141766,CONFIRMADO_FICHA_OFICIAL
141769,Casamaedouro 1,1680358377000,1680480000000,Apartamento,6,Avenida Diocese de Vila Real  3 Frente - E,5050-221,Peso da Régua,41.163599 ; -7.7797928,União das freguesias de Peso da Régua e Godim,Peso da Régua,Vila Real,Não,936336312,casamaedouro@gmail.com,,,FICHA OFICIAL RNAL 141769,CONFIRMADO_FICHA_OFICIAL
141772,Casamaedouro 2,1680358379000,1681689600000,Apartamento,2,Avenida Diocese de Vila Real  3 Frente - C,5050-221,Peso da Régua,41.163599 ; -7.7797928,União das freguesias de Peso da Régua e Godim,Peso da Régua,Vila Real,Não,936336312,casamaedouro@gmail.com,,,FICHA OFICIAL RNAL 141772,CONFIRMADO_FICHA_OFICIAL
142323,Casa do Alfaiate,1680951938000,1682899200000,Apartamento,6,Avenida Doutor Manuel de Arriaga   ,5050-225,Peso da Régua,41.1632932 ; -7.7860663,União das freguesias de Peso da Régua e Godim,Peso da Régua,Vila Real,Não,237799596,lpa_pt@hotmail.com,,,FICHA OFICIAL RNAL 142323,CONFIRMADO_FICHA_OFICIAL
147008,O Capitão,1687869605000,1687910400000,EstabelecimentoHospedagem,4,Avenida Diocese de Vila Real 133  ,5050-221,Peso da Régua,41.1574949 ; -7.777501,União das freguesias de Peso da Régua e Godim,Peso da Régua,Vila Real,Não,963226418,tabucarlos@hotmail.com,,,FICHA OFICIAL RNAL 147008,CONFIRMADO_FICHA_OFICIAL
148066,Brunhedo 2,1689693611000,1689379200000,Apartamento,4,Rua Belmiro Borges Frias  2º ,5050-021,Fontelas,41.1648324 ; -7.82187,Fontelas,Peso da Régua,Vila Real,Não,,restaurante@varandadaregua.com,,,FICHA OFICIAL RNAL 148066,CONFIRMADO_FICHA_OFICIAL
148068,Brunhedo 1,1689693616000,1689379200000,Apartamento,4,Rua Belmiro Borges Frias  1º ,5050-021,Fontelas,41.1648324 ; -7.82187,Fontelas,Peso da Régua,Vila Real,Não,,restaurante@varandadaregua.com,,,FICHA OFICIAL RNAL 148068,CONFIRMADO_FICHA_OFICIAL
149405,Casa Filó,1691585481000,1701388800000,Apartamento,6,Rua da Ferreirinha 126 1º ,5050-261,Peso da Régua,41.16417 ; -7.7928,União das freguesias de Peso da Régua e Godim,Peso da Régua,Vila Real,Não,,rpaqg@hotmail.com,,,FICHA OFICIAL RNAL 149405,CONFIRMADO_FICHA_OFICIAL
150620,Casa do Carriço,1694174406000,1698796800000,Moradia,6,Rua das Laranjeiras 10  ,5050-060,Godim,41.168118 ; -7.8045251,União das freguesias de Peso da Régua e Godim,Peso da Régua,Vila Real,Não,241367859,marisa-guedes@hotmail.com,,,FICHA OFICIAL RNAL 150620,CONFIRMADO_FICHA_OFICIAL
152726,Cas'A Ferreirinha 1,1699637547000,1709251200000,Apartamento,6,Avenida João Franco  1 ,5050-226,Peso da Régua,41.1612394 ; -7.7906588,União das freguesias de Peso da Régua e Godim,Peso da Régua,Vila Real,Não,209359935,pauloferreira_90@hotmail.com,,,FICHA OFICIAL RNAL 152726,CONFIRMADO_FICHA_OFICIAL
152727,Cas'A Ferreirinha 2,1699637550000,1701388800000,Apartamento,6,Avenida João Franco  2 ,5050-226,Peso da Régua,41.1612394 ; -7.7906588,União das freguesias de Peso da Régua e Godim,Peso da Régua,Vila Real,Não,209359935,pauloferreira_90@hotmail.com,,,FICHA OFICIAL RNAL 152727,CONFIRMADO_FICHA_OFICIAL
153381,Oliveira Douro Guest House 2,1702998764000,1702857600000,Apartamento,6,Rua Padre Teixeira de Carvalho   AP.02,5050-069,Godim,41.1706852 ; -7.8056726,União das freguesias de Peso da Régua e Godim,Peso da Régua,Vila Real,Não,,ajfreitasoliveira@gmail.com,,,FICHA OFICIAL RNAL 153381,CONFIRMADO_FICHA_OFICIAL
153382,Oliveira Douro Guest House 1,1702998764000,1702857600000,Apartamento,6,Rua Padre Teixeira de Carvalho   AP.01,5050-069,Godim,41.1710773 ; -7.8045833,União das freguesias de Peso da Régua e Godim,Peso da Régua,Vila Real,Não,,ajfreitasoliveira@gmail.com,,,FICHA OFICIAL RNAL 153382,CONFIRMADO_FICHA_OFICIAL
153383,Oliveira Douro Guest House 5,1702998772000,1702857600000,Apartamento,6,Rua Padre Teixeira de Carvalho   AP.05,5050-069,Godim,41.17067 ; -7.80597,União das freguesias de Peso da Régua e Godim,Peso da Régua,Vila Real,Não,,ajfreitasoliveira@gmail.com,,,FICHA OFICIAL RNAL 153383,CONFIRMADO_FICHA_OFICIAL
153384,Oliveira Douro Guest House 4,1702998782000,1702857600000,Apartamento,4,Rua Padre Teixeira de Carvalho   AP.03,5050-069,Godim,41.1710773 ; -7.8045833,União das freguesias de Peso da Régua e Godim,Peso da Régua,Vila Real,Não,,ajfreitasoliveira@gmail.com,,,FICHA OFICIAL RNAL 153384,CONFIRMADO_FICHA_OFICIAL
153385,Oliveira Douro Guest House 6,1702998788000,1702857600000,Apartamento,4,Rua Padre Teixeira de Carvalho   AP.06,5050-069,Godim,41.1706852 ; -7.8056726,União das freguesias de Peso da Régua e Godim,Peso da Régua,Vila Real,Não,,ajfreitasoliveira@gmail.com,,,FICHA OFICIAL RNAL 153385,CONFIRMADO_FICHA_OFICIAL
153808,The River House,1704369872000,1703462400000,Quartos,5,Rua Dona Antónia Adelaide Ferreira 506  ,5050-023,Fontelas,41.1547687 ; -7.8267239,Fontelas,Peso da Régua,Vila Real,Não,204944309,marantecelia@hotmail.com,,,FICHA OFICIAL RNAL 153808,CONFIRMADO_FICHA_OFICIAL
154349,Primeiro Quartel 1,1707233452000,1676505600000,Apartamento,4,Largo dos Aviadores  1 Trás,5050-240,Peso da Régua,41.1625134 ; -7.7894407,União das freguesias de Peso da Régua e Godim,Peso da Régua,Vila Real,Não,913072681,geral@primeiroquartel.pt,,,FICHA OFICIAL RNAL 154349,CONFIRMADO_FICHA_OFICIAL
154350,Primeiro Quartel 4,1707233452000,1708041600000,Apartamento,4,Largo dos Aviadores  2 Trás,5050-240,Peso da Régua,41.1625134 ; -7.7894407,União das freguesias de Peso da Régua e Godim,Peso da Régua,Vila Real,Não,913072681,geral@primeiroquartel.pt,,,FICHA OFICIAL RNAL 154350,CONFIRMADO_FICHA_OFICIAL
154351,Primeiro Quartel 2,1707233454000,1708041600000,Apartamento,4,Largo dos Aviadores  1 Dto Frente,5050-240,Peso da Régua,41.162655 ; -7.78892,União das freguesias de Peso da Régua e Godim,Peso da Régua,Vila Real,Não,913072681,geral@primeiroquartel.pt,,,FICHA OFICIAL RNAL 154351,CONFIRMADO_FICHA_OFICIAL
154353,Primeiro Quartel 3,1707233456000,1708041600000,Apartamento,4,Largo dos Aviadores  1 Frente Esq,5050-240,Peso da Régua,41.162655 ; -7.78892,União das freguesias de Peso da Régua e Godim,Peso da Régua,Vila Real,Não,913072681,geral@primeiroquartel.pt,,,FICHA OFICIAL RNAL 154353,CONFIRMADO_FICHA_OFICIAL
154354,Primeiro Quartel 5,1707233459000,1708041600000,Apartamento,4,Largo dos Aviadores  2 Frente,5050-240,Peso da Régua,41.1625134 ; -7.7894407,União das freguesias de Peso da Régua e Godim,Peso da Régua,Vila Real,Não,913072681,geral@primeiroquartel.pt,,,FICHA OFICIAL RNAL 154354,CONFIRMADO_FICHA_OFICIAL
154483,Casal do Temporão,1707756235000,1708473600000,Moradia,10,Rua de Gadaires 119  ,5050-041,Galafura,41.18379 ; -7.68312,União das freguesias de Galafura e Covelinhas,Peso da Régua,Vila Real,Não,919027159,thabez@gmail.com,,,FICHA OFICIAL RNAL 154483,CONFIRMADO_FICHA_OFICIAL
155737,LB Douro,1713377579000,1713744000000,Apartamento,4,Avenida Sacadura Cabral Bloco 1 Fração A 2,5050-071,Godim,41.1641692;-7.8008851,União das freguesias de Peso da Régua e Godim,Peso da Régua,Vila Real,Não,,lbdouro4@gmail.com,,,FICHA OFICIAL RNAL 155737,CONFIRMADO_FICHA_OFICIAL
155955,CASA DA LARANJA,1714400947000,1714521600000,Moradia,8,Rua Guedes de Amorim 607  ,5050-277,Peso da Régua,41.1652365;-7.7905635,União das freguesias de Peso da Régua e Godim,Peso da Régua,Vila Real,Não,,anamaria@quantique.pt,,,FICHA OFICIAL RNAL 155955,CONFIRMADO_FICHA_OFICIAL
156427,AL Godim Douro,1715960935000,1716336000000,Apartamento,6,Travessa Augusto Vieira  1º Esq.,5050-073,Godim,41.1613888;-7.8055277,União das freguesias de Peso da Régua e Godim,Peso da Régua,Vila Real,Não,,casapossidonio.al@gmail.com,,,FICHA OFICIAL RNAL 156427,CONFIRMADO_FICHA_OFICIAL
157308,Casa da Branca,1719239252000,1719792000000,Apartamento,6,Rua dos Camilos 428 0 ,5050-272,Peso da Régua,41.1606138;-7.7872177,União das freguesias de Peso da Régua e Godim,Peso da Régua,Vila Real,Não,,bianca.rocha@gmail.com,,,FICHA OFICIAL RNAL 157308,CONFIRMADO_FICHA_OFICIAL
157512,Cute Stone House in the Douro Valley,1719852895000,1721001600000,Moradia,4,Rua da Sobreira de Baixo   ,5050-369,Vilarinho dos Freires,41.1873899;-7.7462162,Vilarinho dos Freires,Peso da Régua,Vila Real,Não,,top10gsm@hotmail.nl,,,FICHA OFICIAL RNAL 157512,CONFIRMADO_FICHA_OFICIAL
157874,Casa D'Alice,1721139948000,1723334400000,Quartos,6,Rua Augusto Vieira   ,5050-073,Godim,41.160082;-7.8062788,União das freguesias de Peso da Régua e Godim,Peso da Régua,Vila Real,Não,964458238,carlafonsecagouveia-11486p@adv.oa.pt,,,FICHA OFICIAL RNAL 157874,CONFIRMADO_FICHA_OFICIAL
158240,POMBINHOSDOURO,1722515323000,1722470400000,Apartamento,6,Rua Doutor Maximiano de Lemos  4 ESQ,5050-276,Peso da Régua,41.1636692;-7.7885633,União das freguesias de Peso da Régua e Godim,Peso da Régua,Vila Real,Não,203207483,info@antonionovais.pt,,,FICHA OFICIAL RNAL 158240,CONFIRMADO_FICHA_OFICIAL
158241,Casa Teles,1722515326000,1722816000000,Apartamento,5,Rua Augusto Vieira s/n 2.º ,5050-073,Godim,41.1613888;-7.8055277,União das freguesias de Peso da Régua e Godim,Peso da Régua,Vila Real,Não,241618967,acasateles@gmail.com,,,FICHA OFICIAL RNAL 158241,CONFIRMADO_FICHA_OFICIAL
158736,Casa D. Aninhas,1724950053000,1726272000000,Moradia,8,Rua da Praça   ,5050-326,Praça,41.1655201;-7.7861842,União das freguesias de Peso da Régua e Godim,Peso da Régua,Vila Real,Não,229875181,casadaninhas@hotmail.com,,,FICHA OFICIAL RNAL 158736,CONFIRMADO_FICHA_OFICIAL
159473,Quinta de Raj,1729702033000,1730332800000,EstabelecimentoHospedagem,8,Rua do Caleiro s/n  ,5050-314,Torre,41.1655201;-7.7861842,União das freguesias de Peso da Régua e Godim,Peso da Régua,Vila Real,Não,913161459,v.terlita@gmail.com,,,FICHA OFICIAL RNAL 159473,CONFIRMADO_FICHA_OFICIAL
160400,ONCE IN DOURO,1734348750000,1735603200000,Moradia,10,Rua Engenheiro Álvaro Moreira da Fonseca 5  ,5050-072,Godim,41.1655849 ; -7.8010489,União das freguesias de Peso da Régua e Godim,Peso da Régua,Vila Real,Não,916262022,manelacosta01@hotmail.com,,,FICHA OFICIAL RNAL 160400,CONFIRMADO_FICHA_OFICIAL
160918,Ilha do Cardeano,1738082282000,1738886400000,EstabelecimentoHospedagem,6,Avenida Doutor Manuel de Arriaga   ,5050-225,Peso da Régua,41.1661167 ; -7.7836972,União das freguesias de Peso da Régua e Godim,Peso da Régua,Vila Real,Não,,cfmmonteiro1977@gmail.com,,,FICHA OFICIAL RNAL 160918,CONFIRMADO_FICHA_OFICIAL
161623,PMDouroValley,1739457974000,1746057600000,Apartamento,6,Rua Doutor Mário Bernardes Pereira Porta 2 5 E,5050-075,Godim,41.1655201 ; -7.7861842,União das freguesias de Peso da Régua e Godim,Peso da Régua,Vila Real,Não,223194166,pinheiromarta1904@gmail.com,,,FICHA OFICIAL RNAL 161623,CONFIRMADO_FICHA_OFICIAL
162144,Quinta de Sergude,1740584788000,1738368000000,Moradia,6,Quinta de Sergude   ,5050-094,Sergude,41.1655201 ; -7.7861842,União das freguesias de Peso da Régua e Godim,Peso da Régua,Vila Real,Não,932373556,quintasergude@gmail.com,,,FICHA OFICIAL RNAL 162144,CONFIRMADO_FICHA_OFICIAL
164844,Casa dos Meninos,1747329356000,1746662400000,Apartamento,6,Rua Rua Professor José Lacerda 11 1 Direito,5050-081,Godim,41.1672868 ; -7.8005458,União das freguesias de Peso da Régua e Godim,Peso da Régua,Vila Real,Não,964273734,joaozinho-neves@hotmail.com,,,FICHA OFICIAL RNAL 164844,CONFIRMADO_FICHA_OFICIAL
165003,Casa no Cimo do Douro,1747741686000,1749945600000,Moradia,6,Rua de Marvão 605  ,5050-318,Marvão,41.1655201 ; -7.7861842,União das freguesias de Peso da Régua e Godim,Peso da Régua,Vila Real,Não,965810128,carlagomes80@hotmail.com,,,FICHA OFICIAL RNAL 165003,CONFIRMADO_FICHA_OFICIAL
165867,Casa Miradouro,1749145506000,1749945600000,Quartos,6,Travessa do Miradouro 68  ,5050-440,Canelas,41.1630839 ; -7.7266984,Canelas,Peso da Régua,Vila Real,Não,,jovelindalucas23@gmail.com,,,FICHA OFICIAL RNAL 165867,CONFIRMADO_FICHA_OFICIAL
165868,Casa da Lameira,1749145507000,1749513600000,EstabelecimentoHospedagem,14,Rua da Lameira 72  ,5050-425,Canelas,41.1657237 ; -7.7259488,Canelas,Peso da Régua,Vila Real,Não,929191594,tiago.mergulhao@live.com.pt,,,FICHA OFICIAL RNAL 165868,CONFIRMADO_FICHA_OFICIAL
166741,Casa Carvalho,1750958987000,1749513600000,Moradia,6,Rua de Lousada 1708  ,5050-262,Godim,41.1696683 ; -7.7963976,União das freguesias de Peso da Régua e Godim,Peso da Régua,Vila Real,Não,247584223,casa_carvalho2024@hotmail.com,,,FICHA OFICIAL RNAL 166741,CONFIRMADO_FICHA_OFICIAL
167638,Boa Passagem 2,1752681370000,1752796800000,Apartamento,4,Rua de Pedro Verdial 18 2 Trás,5050-283,Peso da Régua,41.1661912 ; -7.7876392,União das freguesias de Peso da Régua e Godim,Peso da Régua,Vila Real,Não,219844836,anaivtalmeida@gmail.com,,,FICHA OFICIAL RNAL 167638,CONFIRMADO_FICHA_OFICIAL
167641,Casa Sto António II,1752681375000,1752796800000,Apartamento,6,Rua da Cruz das Almas   ,5050-259,Peso da Régua,41.1673491 ; -7.7868156,União das freguesias de Peso da Régua e Godim,Peso da Régua,Vila Real,Não,,vivendabrancamartinho@gmail.com,,,FICHA OFICIAL RNAL 167641,CONFIRMADO_FICHA_OFICIAL
167642,Casa Sto António I,1752681380000,1752796800000,Apartamento,2,Rua da Cruz das Almas   ,5050-259,Peso da Régua,41.1673491 ; -7.7868156,União das freguesias de Peso da Régua e Godim,Peso da Régua,Vila Real,Não,,vivendabrancamartinho@gmail.com,,,FICHA OFICIAL RNAL 167642,CONFIRMADO_FICHA_OFICIAL
167643,Boa Passagem 1,1752681384000,1752796800000,Apartamento,4,Rua de Pedro Verdial 18 2 Frente,5050-283,Peso da Régua,41.1661912 ; -7.7876392,União das freguesias de Peso da Régua e Godim,Peso da Régua,Vila Real,Não,219844836,anaivtalmeida@gmail.com,,,FICHA OFICIAL RNAL 167643,CONFIRMADO_FICHA_OFICIAL
168896,souto 25,1755621290000,1754870400000,Moradia,2,Rua do Souto 25  ,5050-271,Peso da Régua,41.1648093 ; -7.7829527,União das freguesias de Peso da Régua e Godim,Peso da Régua,Vila Real,Não,916467783,luis.celia2009@hotmail.com,,,FICHA OFICIAL RNAL 168896,CONFIRMADO_FICHA_OFICIAL
170547,Casa Mendes I,1759747914000,1758844800000,Apartamento,4,Rua de Sergude 173 1 E,5050-094,Sergude,41.1655201 ; -7.7861842,União das freguesias de Peso da Régua e Godim,Peso da Régua,Vila Real,Não,,andrefilipemendes@gmail.com,,,FICHA OFICIAL RNAL 170547,CONFIRMADO_FICHA_OFICIAL
173213,"VILLA ROSA DOURO, LDA",1768236753000,1768435200000,EstabelecimentoHospedagem,18,Rua Doutor Luís Beleza de Andrade 13  ,5050-072,Godim,41.1651244 ; -7.7992689,União das freguesias de Peso da Régua e Godim,Peso da Régua,Vila Real,Não,930639088,office@villarosa.pt,,,FICHA OFICIAL RNAL 173213,CONFIRMADO_FICHA_OFICIAL
173954,Ninho D'ouro,1770227386000,1769904000000,Apartamento,4,Rua Comendador Joaquim Macedo  1º Esq.,5050-074,Godim,41.165734 ; -7.797472,União das freguesias de Peso da Régua e Godim,Peso da Régua,Vila Real,Não,216705347,taniaveloso88@gmail.com,,,FICHA OFICIAL RNAL 173954,CONFIRMADO_FICHA_OFICIAL
173960,Camilos Nest,1770227398000,1770854400000,Apartamento,2,Rua dos Camilos Ed. Columb 1º fração AD,5050-273,Peso da Régua,41.160944 ; -7.7878819,União das freguesias de Peso da Régua e Godim,Peso da Régua,Vila Real,Não,922009176,camilosnest@gmail.com,,,FICHA OFICIAL RNAL 173960,CONFIRMADO_FICHA_OFICIAL
175719,DouroParadise,1775731049000,1775001600000,Apartamento,4,Rua dos Camilos 179 3 E,5050-273,Peso da Régua,41.1611955 ; -7.7882136,União das freguesias de Peso da Régua e Godim,Peso da Régua,Vila Real,Não,218993099,pedro16miguel@gmail.com,,,FICHA OFICIAL RNAL 175719,CONFIRMADO_FICHA_OFICIAL
177106,Casa da Estação 1,1779464708000,1773619200000,Apartamento,2,Rua José Vasques Osório 7 1º direito,5050-280,Peso da Régua,41.1601521 ; -7.7856288,União das freguesias de Peso da Régua e Godim,Peso da Régua,Vila Real,Não,918178342,vitorconceito600@gmail.com,,,FICHA OFICIAL RNAL 177106,CONFIRMADO_FICHA_OFICIAL
177108,Casa da Estação 2,1779464709000,1773619200000,Apartamento,4,Rua José Vasques Osório 7 1º esquerdo,5050-280,Peso da Régua,41.1601521 ; -7.7856288,União das freguesias de Peso da Régua e Godim,Peso da Régua,Vila Real,Não,918178342,vitorconceito600@gmail.com,,,FICHA OFICIAL RNAL 177108,CONFIRMADO_FICHA_OFICIAL
177110,Douro Cosy Studio,1779464710000,1779062400000,Apartamento,3,Rua da Amendoeira 164 R/C  Esquerdo,5050-011,Amendoeira,41.1655201 ; -7.7861842,União das freguesias de Peso da Régua e Godim,Peso da Régua,Vila Real,Não,201655950,covelinhas@me.com,,,FICHA OFICIAL RNAL 177110,CONFIRMADO_FICHA_OFICIAL
178398,Casa Terracota da Casa do Romezal ,1782753390000,1782864000000,Moradia,2,Calçada do Barreiro 138  ,5050-366,Vilarinho dos Freires,41.17782 ; -7.74619,Vilarinho dos Freires,Peso da Régua,Vila Real,Não,208802630,mmqguerra@gmail.com,,,FICHA OFICIAL RNAL 178398,CONFIRMADO_FICHA_OFICIAL
178399,CR Cruzeiro,1782753391000,1781481600000,Apartamento,8,Rua João de Lemos 41 2 Esquerdo,5050-278,Peso da Régua,41.1622001 ; -7.789924,União das freguesias de Peso da Régua e Godim,Peso da Régua,Vila Real,Não,917507420,ana.reais@aprconsultores.pt,,,FICHA OFICIAL RNAL 178399,CONFIRMADO_FICHA_OFICIAL
178777,Casa da Mata,1783601181000,1783641600000,Moradia,4,Rua das Pedras Santanas 503  ,5050-318,Marvão,41.1655201 ; -7.7861842,União das freguesias de Peso da Régua e Godim,Peso da Régua,Vila Real,Não,,ameliapinto1959@sapo.pt,,,FICHA OFICIAL RNAL 178777,CONFIRMADO_FICHA_OFICIAL
179872,Tombo da Moura,1786039483000,1784678400000,Moradia,6,Rua de Pulgueiros de Baixo 80  ,5050-324,Pulgueiros de Baixo,41.1964043 ; -7.8345706,União das freguesias de Moura Morta e Vinhós,Peso da Régua,Vila Real,Não,299421058,anacristina.helbling@gmail.com,,,FICHA OFICIAL RNAL 179872,CONFIRMADO_FICHA_OFICIAL
179873,Casa da Avó Rosinha,1786039485000,1785801600000,Moradia,4,Rua de São Miguel 68  ,5050-344,Poiares,41.1655201 ; -7.7861842,União das freguesias de Peso da Régua e Godim,Peso da Régua,Vila Real,Não,,aapconde@gmail.com,,,FICHA OFICIAL RNAL 179873,CONFIRMADO_FICHA_OFICIAL
180327,Casa da Montanha,1787306887000,1788220800000,Moradia,4,Largo da Eira 16  ,5050-403,Ermida,41.1652555 ; -7.7863914,União das freguesias de Peso da Régua e Godim,Peso da Régua,Vila Real,Não,924483602,pereira.joao.90@gmail.com,,,FICHA OFICIAL RNAL 180327,CONFIRMADO_FICHA_OFICIAL
180579,Casa Rufino,1788186833000,1788134400000,Apartamento,8,Beco da Preguiça 24  ,5050-316,Travassos,41.1655201 ; -7.7861842,União das freguesias de Peso da Régua e Godim,Peso da Régua,Vila Real,Não,228533686,emanuelrufino248@msn.com,,,FICHA OFICIAL RNAL 180579,CONFIRMADO_FICHA_OFICIAL
181490,Farol do Douro,1790701362000,1788480000000,Apartamento,8,Avenida Doutor Manuel de Arriaga 2 4º Rec,5050-225,Peso da Régua,41.1657991 ; -7.78303,União das freguesias de Peso da Régua e Godim,Peso da Régua,Vila Real,Não,219383162,geral@dourohaven.pt,,,FICHA OFICIAL RNAL 181490,CONFIRMADO_FICHA_OFICIAL
